	A063	A060	A056	A052	A045	A042	A040	A036	A035	A033	A025	A024	A020	A016	A011	A008	A007	A062	A061	A057	A051	A050	A047	A044	A041	A032	A031	A030	A028	A026	A022	A018	A015	A014	A012	A006	A004	A002
k__Bacteria|p__Actinobacteria|c__Actinobacteria|o__Bifidobacteriales|f__Bifidobacteriaceae|g__Bifidobacterium|s__Bifidobacterium_adolescentis	0.0	0.0	0.0	0.0	0.0	0.0	0.5139	0.0	0.0	0.08377000000000001	0.25811999999999996	0.06412999999999999	0.0	0.21758000000000002	0.0	1.14727	0.0	4.04518	3.53146	0.16296	0.0	0.0	0.0	0.0	0.0	0.0	0.10787000000000001	0.031439999999999996	0.0	0.9752799999999999	0.0	0.1777	0.11622	0.0	0.0	0.0	0.0	0.17278
k__Bacteria|p__Actinobacteria|c__Actinobacteria|o__Bifidobacteriales|f__Bifidobacteriaceae|g__Bifidobacterium|s__Bifidobacterium_bifidum	0.0	0.0	0.0	0.0	0.04689	0.0	0.0	0.0	0.0	0.0	0.52777	0.01047	0.0	0.0	0.6116199999999999	0.96615	0.0	0.43563	0.0	0.10112	0.0	0.0	0.0	0.0	0.0	0.0	0.0	0.09892999999999999	0.0	0.0	0.0	0.0	0.0	0.0	0.0	0.0	0.0	0.07746
k__Bacteria|p__Actinobacteria|c__Actinobacteria|o__Bifidobacteriales|f__Bifidobacteriaceae|g__Bifidobacterium|s__Bifidobacterium_catenulatum	0.0	0.0	0.0	0.0	0.0	0.0	0.0	0.0	0.0	0.11547	0.0	0.0	0.0	0.0	0.73332	1.3038100000000001	0.0	0.0	0.0	0.00561	0.0	0.0	0.0	0.0	0.0	0.0	0.0336	0.0	0.0	0.0	0.0	0.0	0.0	0.008490000000000001	0.0	0.0	0.0	0.0
k__Bacteria|p__Actinobacteria|c__Actinobacteria|o__Bifidobacteriales|f__Bifidobacteriaceae|g__Bifidobacterium|s__Bifidobacterium_longum	0.0	0.0	0.0	0.0	0.0	0.0	0.07852999999999999	0.0	1.2080899999999999	0.05637	0.31564000000000003	0.0	0.0	0.45205	0.18145999999999998	1.37659	0.00103	0.54657	6.20025	0.06325	0.0	0.0	0.0	0.0	0.0	0.006999999999999999	0.07952000000000001	0.10372	0.0	0.63151	0.03537	0.0	0.05255	0.03429	0.22141	0.0	0.0	0.01766
k__Bacteria|p__Actinobacteria|c__Actinobacteria|o__Bifidobacteriales|f__Bifidobacteriaceae|g__Bifidobacterium|s__Bifidobacterium_pseudocatenulatum	0.0	0.0	0.0	0.0	0.0	0.0	0.0	0.0	0.0	0.0	0.09976	0.0	0.0	0.0	0.24838000000000002	0.01581	0.0	0.0	0.56048	0.04657	0.00889	0.0	0.0	0.0	0.0	0.0	0.0	0.0	0.0	0.23775	0.0	0.0	0.0	0.00394	0.46931999999999996	0.0	0.0	0.0
k__Bacteria|p__Actinobacteria|c__Coriobacteriia|o__Coriobacteriales|f__Coriobacteriaceae|g__Collinsella|s__Collinsella_aerofaciens	0.0	0.0	0.0	0.01356	0.11947	0.0	0.73485	0.0	0.0	0.13155999999999998	0.24006999999999998	0.09695	0.0	0.09912	0.0	1.7393299999999998	0.01122	0.42605	0.0	0.06573999999999999	0.04413	0.0	0.0	0.13907	0.0	0.02216	0.11494000000000001	0.00322	0.0	0.20669	0.0	0.0	0.0068	0.029289999999999997	0.09759	0.0385	0.0	0.04639
k__Bacteria|p__Actinobacteria|c__Coriobacteriia|o__Coriobacteriales|f__Coriobacteriaceae|g__Senegalimassilia|s__Senegalimassilia_anaerobia	0.0	0.0	0.0	0.0	0.0	0.0	0.07697000000000001	0.0	0.0	0.0	0.00352	0.0	0.0	0.0	0.0	0.15963	0.0	0.0	0.01335	0.0	0.0	0.0	0.0	0.0	0.0	0.0	0.026439999999999998	0.0	0.0	0.0	0.0	0.0	0.0	0.0	0.0	0.0	0.0	0.0
k__Bacteria|p__Actinobacteria|c__Coriobacteriia|o__Eggerthellales|f__Eggerthellaceae|g__Adlercreutzia|s__Adlercreutzia_equolifaciens	0.0	0.0	0.0	0.0	0.0	0.0	0.0	0.0	0.004520000000000001	0.0	0.00877	0.0	0.0	0.0	0.0	0.03282	0.0	0.0	0.0	0.0	0.0	0.02044	0.0	0.0	0.0	0.0	0.0428	0.0	0.0	0.016319999999999998	0.0	0.0	0.0	0.03146	0.0	0.0	0.0	0.0
k__Bacteria|p__Actinobacteria|c__Coriobacteriia|o__Eggerthellales|f__Eggerthellaceae|g__Eggerthellaceae_unclassified|s__Eggerthellaceae_bacterium	0.03277	0.0	0.0	0.0	0.0	0.0	0.03245	0.0	0.0	0.0	0.05074	0.0	0.0	0.0	0.0	0.0	0.0	0.0	0.0	0.0	0.0	0.0	0.0	0.0	0.0	0.0	0.00209	0.0	0.0	0.10323	0.0	0.0	0.0	0.0	0.0	0.0	0.0	0.02099
k__Bacteria|p__Bacteroidetes|c__Bacteroidia|o__Bacteroidales|f__Bacteroidaceae|g__Bacteroidaceae_unclassified|s__Bacteroidaceae_bacterium	0.0	0.0	0.0	0.0	0.0	0.0	0.835	0.0	0.0	0.0	1.02902	0.0	0.0	0.0	0.0	0.0	0.0	0.0	0.0	0.0	4.31044	0.0	0.0	0.0	0.0	0.0	0.0	0.0	0.0	0.0	0.0	0.0	0.0	0.0	0.0	0.20269	0.0	0.10340999999999999
k__Bacteria|p__Bacteroidetes|c__Bacteroidia|o__Bacteroidales|f__Bacteroidaceae|g__Bacteroides|s__Bacteroides_caccae	1.03967	0.0	0.0	1.8408200000000001	0.40419	2.2934099999999997	0.005220000000000001	0.0	0.0	0.0	1.0937700000000001	0.0	0.0	0.00451	0.0	3.45725	1.3260399999999999	0.0	0.6189600000000001	1.12901	0.01105	0.0	0.0	4.6598	7.11296	1.1918	5.18536	18.90495	1.3066	1.7892599999999999	0.0	0.0	0.0	0.0	0.0	0.014709999999999999	0.45348999999999995	0.34641
k__Bacteria|p__Bacteroidetes|c__Bacteroidia|o__Bacteroidales|f__Bacteroidaceae|g__Bacteroides|s__Bacteroides_cellulosilyticus	0.0	0.0	0.0	0.0	0.0	6.95383	0.0	0.0	0.0	0.0	0.48541999999999996	0.52764	0.0	0.0	0.0	0.0	0.19682	0.0	0.0	0.0	0.0	0.0497	0.0	0.0	0.0	0.0	0.42806000000000005	0.12500999999999998	4.2977099999999995	0.7939	0.0	0.0	0.0	0.0	0.0007700000000000001	0.09300000000000001	0.018680000000000002	0.0172
k__Bacteria|p__Bacteroidetes|c__Bacteroidia|o__Bacteroidales|f__Bacteroidaceae|g__Bacteroides|s__Bacteroides_clarus	0.83741	0.0	0.0	0.0	0.0	0.07103	0.0	0.0	0.0	0.26368	0.16802	0.70499	2.06294	0.0	0.0	0.0	0.0	0.0	0.05722000000000001	1.06021	0.039	0.0	0.0	0.0	0.6562100000000001	0.0	0.5207	0.20443	0.37028	0.03707	0.0	0.0	0.0	0.0	1.19974	0.0	0.06546	0.0
k__Bacteria|p__Bacteroidetes|c__Bacteroidia|o__Bacteroidales|f__Bacteroidaceae|g__Bacteroides|s__Bacteroides_eggerthii	0.6914600000000001	0.0	0.0	0.08283	0.0051600000000000005	0.0013800000000000002	0.0	0.0	0.0	0.0	0.0	0.0	0.0	0.0	0.0	0.0	0.0007099999999999999	0.0	0.0	4.70582	0.38452	0.0	0.0	0.0	0.0	0.0	2.7903599999999997	0.0	2.01884	1.5741100000000001	0.0	0.0	0.0	0.0	8.566130000000001	0.02563	0.01284	0.00462
k__Bacteria|p__Bacteroidetes|c__Bacteroidia|o__Bacteroidales|f__Bacteroidaceae|g__Bacteroides|s__Bacteroides_faecis	0.0	0.0	0.0	0.0	0.51055	0.0	0.0	0.0	0.0	0.0	0.0	0.0	0.0	0.00047999999999999996	0.0	0.0	0.0	0.0	0.0	0.0	0.0	4.5599099999999995	0.0	1.9816900000000002	0.0	0.78162	2.91898	0.0	0.0	0.0	0.0	0.0	0.0	0.0	0.00782	0.0	0.0	0.09905
k__Bacteria|p__Bacteroidetes|c__Bacteroidia|o__Bacteroidales|f__Bacteroidaceae|g__Bacteroides|s__Bacteroides_finegoldii	0.56229	0.0	0.0	0.11023	0.0	2.89202	0.0	0.0	3.51548	0.0	0.69631	0.0	0.0	0.0	0.0	0.0	0.0	0.0	0.0	0.0	0.0	0.0	0.0	0.0	0.00402	0.15617	0.0	0.0	0.18409	1.37751	0.0	0.0	0.0	0.0	0.0	0.20252	0.04333	0.0
k__Bacteria|p__Bacteroidetes|c__Bacteroidia|o__Bacteroidales|f__Bacteroidaceae|g__Bacteroides|s__Bacteroides_fragilis	0.0	14.72241	0.0	0.05612	0.0	8.85211	0.0	0.0	0.0	0.0	0.0	0.0	0.0	10.75128	0.0	1.17008	0.0	0.0	0.0	1.6609099999999999	0.0	9.45311	0.0	3.7759	7.89388	0.0	0.0	2.6061400000000003	0.0	0.02795	0.8811399999999999	3.21672	0.0	0.79093	1.18921	0.0	0.0	0.0
k__Bacteria|p__Bacteroidetes|c__Bacteroidia|o__Bacteroidales|f__Bacteroidaceae|g__Bacteroides|s__Bacteroides_nordii	0.00835	0.0	0.0	0.32008000000000003	0.0	0.0	0.0	0.0	0.0	0.0	0.05951	0.0	0.0	1.36246	0.0	0.0	0.10761	0.0	0.0	0.02405	0.0	1.0972600000000001	0.0	0.00185	0.00557	0.0	0.036180000000000004	0.37851999999999997	0.039310000000000005	0.00869	0.0	0.0	0.0	0.07749	0.0	0.0	0.0	0.0
k__Bacteria|p__Bacteroidetes|c__Bacteroidia|o__Bacteroidales|f__Bacteroidaceae|g__Bacteroides|s__Bacteroides_ovatus	1.5838700000000001	18.29325	50.54439	0.11297	0.12945	15.270620000000001	0.06805	0.0	0.0	0.0706	0.34646	9.865639999999999	22.07094	8.02336	0.0	0.0	5.872669999999999	0.0	0.39429000000000003	0.95415	0.95219	0.36607	7.301839999999999	0.65465	42.57335	0.9172899999999999	0.6990000000000001	0.60164	1.8021599999999998	1.51928	6.42662	0.01151	0.38132	5.7161	5.78683	0.04635	0.03186	0.22363000000000002
k__Bacteria|p__Bacteroidetes|c__Bacteroidia|o__Bacteroidales|f__Bacteroidaceae|g__Bacteroides|s__Bacteroides_salyersiae	0.5080399999999999	0.0	0.0	0.0	0.0	1.7589700000000001	0.0	0.0	0.3503	1.39772	0.0	0.0	0.0	0.0	0.0	0.0	0.0	0.0	0.0	1.2767700000000002	0.24624000000000001	0.0	0.0	0.0	0.0	0.0	0.78171	0.02943	0.35905	0.63171	0.0	0.0	0.0	0.0	0.0	0.00528	0.0	0.0
k__Bacteria|p__Bacteroidetes|c__Bacteroidia|o__Bacteroidales|f__Bacteroidaceae|g__Bacteroides|s__Bacteroides_stercoris	0.0	0.0	0.0	0.7979	0.0727	8.16366	0.01726	0.0	5.4584	6.90596	2.15905	0.0	0.0	0.0	5.22545	0.34778000000000003	7.8876100000000005	0.0	0.24174	0.0	0.2424	3.0117599999999998	2.47433	3.31754	0.0	0.38266	0.0	0.0	0.0	0.0	0.0	0.0	0.38049	8.2073	0.0	0.6662399999999999	0.27413000000000004	0.34336
k__Bacteria|p__Bacteroidetes|c__Bacteroidia|o__Bacteroidales|f__Bacteroidaceae|g__Bacteroides|s__Bacteroides_thetaiotaomicron	0.24902	0.0	0.0	0.57416	0.0018399999999999998	9.49808	0.01796	0.0	0.33191	1.71045	0.26337	5.9515	0.0019100000000000002	10.22209	0.0	0.50065	1.21251	0.0	0.10430999999999999	0.78194	0.0	0.14965	1.74753	0.02866	3.89545	0.061939999999999995	0.07119	0.15818	1.2564600000000001	0.12624000000000002	0.0	6.62454	0.0	2.26722	0.33284	0.11554	0.31940999999999997	0.0
k__Bacteria|p__Bacteroidetes|c__Bacteroidia|o__Bacteroidales|f__Bacteroidaceae|g__Bacteroides|s__Bacteroides_uniformis	4.922630000000001	18.59756	0.0	1.38402	0.23884	2.04717	0.01725	0.0	1.2098200000000001	11.84137	5.242030000000001	23.234560000000002	0.0	10.26967	0.0	0.88225	20.62624	0.0	3.75555	13.929479999999998	1.18888	13.819189999999999	24.672620000000002	0.18015	5.20766	1.3417700000000001	7.24701	0.5080100000000001	3.6999400000000002	7.973089999999999	0.0	0.00367	0.18006	1.3443100000000001	20.47417	1.49279	0.42131	0.68247
k__Bacteria|p__Bacteroidetes|c__Bacteroidia|o__Bacteroidales|f__Bacteroidaceae|g__Bacteroides|s__Bacteroides_xylanisolvens	0.16433	0.02625	0.38643	0.0	0.26559	0.34058	0.03866	0.0	0.50572	2.49506	0.42077	2.62867	12.57333	1.6807	0.0	0.3223	2.57344	0.0	0.0145	0.08114	0.06649	0.46221999999999996	1.1491	0.75149	2.5495200000000002	0.030080000000000003	0.0	0.02284	1.51575	0.22687	0.029939999999999998	2.35345	0.0	0.13579000000000002	3.41235	0.16513	0.039439999999999996	0.36646999999999996
k__Bacteria|p__Bacteroidetes|c__Bacteroidia|o__Bacteroidales|f__Bacteroidales_unclassified|g__Bacteroidales_unclassified|s__Bacteroidales_bacterium	0.0	0.0	0.0	0.07251	0.0	0.0	0.0	0.0	0.0	0.0	0.01035	0.0	0.0	0.0	0.0	0.01973	0.0	0.0	0.0	0.0	0.0	0.0	0.0	0.0	0.0	0.0	0.0	0.72565	0.0	0.0	0.0	0.0	0.0	0.0	0.0	0.68247	0.0	0.0
k__Bacteria|p__Bacteroidetes|c__Bacteroidia|o__Bacteroidales|f__Bacteroidales_unclassified|g__GGB1495|s__GGB1495_SGB2071	0.0	0.0	0.0	0.0	1.1046	0.0	0.013630000000000001	0.0	0.0	9.86213	0.0	0.0	0.0	0.0	0.0	0.0	0.0	0.0	0.0	0.0	2.60087	0.0	0.0	0.0	0.0	1.32647	0.0	0.0	0.0	0.0	0.0	0.0	0.0	0.0	0.0	0.0	0.0	0.0
k__Bacteria|p__Bacteroidetes|c__Bacteroidia|o__Bacteroidales|f__Bacteroidales_unclassified|g__Phocaeicola|s__Phocaeicola_dorei	0.21868	27.3304	0.0	0.38353000000000004	0.53095	0.11872	0.006999999999999999	0.0	11.7142	0.10905	7.17087	3.27196	0.0	0.0	0.0	0.0	3.9133199999999997	38.173190000000005	1.4051200000000001	0.7038300000000001	0.0089	8.39781	23.758779999999998	0.0	3.0587400000000002	5.7486	0.80162	0.0	17.45498	3.3278300000000005	47.87471	0.00275	0.39499	5.4734	0.0	1.9962900000000001	0.013930000000000001	0.07097
k__Bacteria|p__Bacteroidetes|c__Bacteroidia|o__Bacteroidales|f__Bacteroidales_unclassified|g__Phocaeicola|s__Phocaeicola_massiliensis	2.76087	0.0	0.0	3.47359	1.7263700000000002	0.0	0.0	0.0	0.00244	10.41865	4.38694	15.605920000000001	0.0	0.0	0.0	0.0	5.38415	0.0	0.0	0.0	0.69297	0.0	7.522060000000001	0.0	0.0	0.18436	10.22627	0.0	2.3553900000000003	0.0	0.0	0.0	0.0	0.0	0.0	0.06502999999999999	1.1163399999999999	0.07922
k__Bacteria|p__Bacteroidetes|c__Bacteroidia|o__Bacteroidales|f__Bacteroidales_unclassified|g__Phocaeicola|s__Phocaeicola_plebeius	0.0	0.0	0.0	0.0	0.0	0.0	0.29838000000000003	0.0	0.0	0.0	0.0	0.0	0.0	0.0	0.0	0.0	0.0	0.0	0.96954	0.0	7.1306	0.0	0.0	0.0	0.0	0.0	0.0	0.0	0.0	0.0	0.0	0.0	0.0	0.0	0.0	0.0	0.6219	0.0
k__Bacteria|p__Bacteroidetes|c__Bacteroidia|o__Bacteroidales|f__Bacteroidales_unclassified|g__Phocaeicola|s__Phocaeicola_vulgatus	10.27773	0.0	0.0	9.83721	1.69735	22.87688	1.50431	0.0	7.404560000000001	14.69909	8.56938	12.83973	42.683659999999996	12.0358	80.47993000000001	2.6837299999999997	16.38961	0.0	0.30151999999999995	9.304110000000001	5.66108	26.07157	5.9749	35.46456	21.28182	0.16349	20.85656	7.002160000000001	0.16072	15.55701	0.0	39.221070000000005	0.0	38.98611	45.392959999999995	1.51881	1.9103	1.03999
k__Bacteria|p__Bacteroidetes|c__Bacteroidia|o__Bacteroidales|f__Barnesiellaceae|g__Barnesiella|s__Barnesiella_intestinihominis	1.20231	0.0	0.0	0.03896	0.69762	0.0	0.0	0.0	0.0	0.0	1.01609	1.34121	0.0	0.0	0.0	0.0	1.32396	0.0	0.61445	1.11222	0.03431	1.00715	0.0	0.77437	0.0	0.0	2.27145	4.733140000000001	0.0	0.93722	1.53833	0.0	0.0	1.52474	0.0	0.08854	0.18758	0.37764000000000003
k__Bacteria|p__Bacteroidetes|c__Bacteroidia|o__Bacteroidales|f__Barnesiellaceae|g__Coprobacter|s__Coprobacter_fastidiosus	0.01784	0.0	0.0	0.08556	0.0076	0.01023	0.0	0.0	0.0	0.12418	0.030410000000000003	0.0	0.0	0.0	0.0	0.0	0.0	0.0	0.11277999999999999	0.01935	0.07562999999999999	0.0	0.0	0.0	0.0	0.22595	0.06876	0.05799	0.16043	0.0804	0.0	0.0	0.0	0.21565	0.0	0.038669999999999996	0.00236	0.02164
k__Bacteria|p__Bacteroidetes|c__Bacteroidia|o__Bacteroidales|f__Barnesiellaceae|g__Coprobacter|s__Coprobacter_secundus	0.0	0.0	0.0	0.06035	0.04483	0.0	0.0	0.0	0.0	0.01009	0.00108	0.0	0.0	0.0	0.0	0.0	0.0	0.0	0.00662	0.07011	0.0	0.0	0.0	0.0	0.0	0.03714	0.0	0.0	0.0	0.0	0.0	0.0	0.0	0.0	0.0	0.0019100000000000002	0.0	0.0
k__Bacteria|p__Bacteroidetes|c__Bacteroidia|o__Bacteroidales|f__Odoribacteraceae|g__Butyricimonas|s__Butyricimonas_faecihominis	0.0	0.0	0.0	0.015519999999999999	0.0	0.11490999999999998	0.0	0.0	0.0	0.0	0.09165	0.28184000000000003	0.0	0.0	0.0	0.13022999999999998	0.0	0.0	0.06443	0.39812	0.047560000000000005	0.18639	0.0	0.0097	0.0	0.57436	0.26687	0.7946	0.0	0.0	0.0	0.0	0.0	0.0	0.0	0.06822	0.11394000000000001	0.02311
k__Bacteria|p__Bacteroidetes|c__Bacteroidia|o__Bacteroidales|f__Odoribacteraceae|g__Butyricimonas|s__Butyricimonas_paravirosa	0.11877	0.0	0.0	0.11857999999999999	0.04598	0.0	0.0	0.0	0.0	0.36843000000000004	0.0	0.0	0.0	0.0	0.0	0.0	0.0	0.0	0.0	0.0	0.0	0.32026	0.0	0.0	0.0	0.0	0.06559	0.01096	0.033839999999999995	0.0	0.0	0.0	0.0	0.0	0.0	0.0	0.04058	0.0
k__Bacteria|p__Bacteroidetes|c__Bacteroidia|o__Bacteroidales|f__Odoribacteraceae|g__Butyricimonas|s__Butyricimonas_virosa	0.08006	0.0	0.0	0.0	0.019459999999999998	0.02537	0.0	0.0	0.0	0.0	0.0	0.0	0.0	0.0	0.0	0.0	0.0	0.0	0.0	0.06942000000000001	0.09145	0.0	0.0	0.0	0.0	0.0	0.00897	0.06825	0.23318000000000003	0.37377	0.0	0.0	0.0	0.0	0.0	0.0136	0.0	0.01608
k__Bacteria|p__Bacteroidetes|c__Bacteroidia|o__Bacteroidales|f__Odoribacteraceae|g__Odoribacter|s__Odoribacter_laneus	1.0547799999999998	0.0	0.0	0.0	0.0	0.0	0.0	0.0	0.0	0.0	0.0	0.0	0.0	0.0	0.0	0.0	0.0	0.0	0.0	0.29197	0.0	0.05499	0.0	0.0	0.0	0.0	0.0	0.0	0.35725999999999997	0.0	0.0	0.0	0.0	0.0	0.0	0.0	0.00266	0.0
k__Bacteria|p__Bacteroidetes|c__Bacteroidia|o__Bacteroidales|f__Odoribacteraceae|g__Odoribacter|s__Odoribacter_splanchnicus	0.63463	0.0	0.41593	0.32891	0.39058000000000004	0.44768	0.01609	0.0	0.45113000000000003	0.4713	0.36252	0.0	0.0	0.0	0.0	0.05222	0.76551	0.0	0.18669000000000002	0.67948	0.43985	1.8212400000000002	0.0	0.13204000000000002	0.0	0.26124	1.2706899999999999	1.12027	0.28043	0.21348000000000003	0.0	0.61544	0.04238	1.00985	0.0	0.23251999999999998	0.39448	0.10240999999999999
k__Bacteria|p__Bacteroidetes|c__Bacteroidia|o__Bacteroidales|f__Prevotellaceae|g__GGB1266|s__GGB1266_SGB1699	0.0	0.0	0.0	1.5187700000000002	0.0	0.0	0.63612	0.0	0.0	0.0	15.045470000000002	0.0	0.0	0.0	0.0	0.0	0.0	0.0	0.0	0.0	6.19929	0.0	0.0	0.0	0.0	0.0	0.0	5.32335	0.0	0.0	0.0	0.0	0.76266	0.0	0.0	2.37868	0.0	0.0
k__Bacteria|p__Bacteroidetes|c__Bacteroidia|o__Bacteroidales|f__Prevotellaceae|g__Paraprevotella|s__Paraprevotella_clara	0.0	0.0	0.0	0.0	0.05028	0.23674	0.04521	0.0	0.0	0.0	1.62939	0.0	3.4552300000000002	0.0	0.0	0.0	0.0	0.0	0.0	0.0	0.1273	0.0	1.20743	0.0	0.0	0.44976000000000005	0.0	0.0	1.9347299999999998	0.0	0.0	0.0	0.0	0.0	0.0	0.0	0.0	0.0
k__Bacteria|p__Bacteroidetes|c__Bacteroidia|o__Bacteroidales|f__Prevotellaceae|g__Paraprevotella|s__Paraprevotella_xylaniphila	0.0	0.0	0.0	1.26134	0.0	0.0	0.0	0.0	0.0	0.0	0.0	0.0	0.0	0.0	0.0	0.0	0.0	0.0	0.29406	0.0	0.0	0.0	0.0	0.0	0.0	0.0	0.0	0.0	0.0	0.0	0.0	0.0	0.0	0.0	0.0	0.0	0.24861999999999998	0.12964
k__Bacteria|p__Bacteroidetes|c__Bacteroidia|o__Bacteroidales|f__Prevotellaceae|g__Prevotella|s__Prevotella_copri_clade_A	37.54705	0.0	0.0	61.535940000000004	45.23038	0.0	18.59037	0.0	0.0077	0.0	0.0	0.0	0.0	0.0	0.0	0.47534	0.0	0.0	0.0	0.0	0.0	0.0067599999999999995	0.0	26.93686	0.0	65.37581	0.0	0.09831000000000001	0.0	0.0	0.0	0.0	71.50968	0.0	0.0	0.0	75.04753000000001	68.14446
k__Bacteria|p__Bacteroidetes|c__Bacteroidia|o__Bacteroidales|f__Prevotellaceae|g__Prevotella|s__Prevotella_copri_clade_C	0.0	0.0	0.0	0.0	5.12745	0.0	2.00267	0.0	0.0	0.0	0.0	0.0	0.0	0.0	0.0	0.19235	0.0	0.0	0.0	0.0	0.0	0.0	0.0	0.0	0.0	0.0	0.0	0.0	0.0	0.0	0.0	0.0	14.66415	0.0	0.0	32.01491	0.0	0.0
k__Bacteria|p__Bacteroidetes|c__Bacteroidia|o__Bacteroidales|f__Rikenellaceae|g__Alistipes|s__Alistipes_communis	0.08406	0.0	0.57931	0.07717	0.06355	0.0	0.0	0.0	0.0	0.05152999999999999	0.19355	0.0	0.0	0.0	0.0	0.17808	0.0	0.0	0.13655	1.18625	0.0061	0.0	0.0	0.0	0.0	0.0	0.171	0.64841	0.013359999999999999	0.28231	0.55892	0.0	0.0	0.4415	0.0	0.04213	0.0	0.14357
k__Bacteria|p__Bacteroidetes|c__Bacteroidia|o__Bacteroidales|f__Rikenellaceae|g__Alistipes|s__Alistipes_dispar	0.0	0.0	0.0	0.0	0.07378	0.0	0.0	0.0	0.0	0.0	0.0244	0.0	0.0	0.0	0.0	0.0	0.0	0.0	0.035089999999999996	0.0	0.11914000000000001	0.0	0.0	0.0	0.0	0.0	0.228	0.0	0.0	0.03205	0.20836999999999997	0.0	0.0	0.5723	0.0	0.0	0.0028399999999999996	0.00314
k__Bacteria|p__Bacteroidetes|c__Bacteroidia|o__Bacteroidales|f__Rikenellaceae|g__Alistipes|s__Alistipes_finegoldii	0.6932	2.44557	3.49422	0.36012	0.13568	0.18861	0.0	0.0	0.15306	0.0	0.01935	0.12523	0.23348000000000002	0.0	0.0	0.18600000000000003	0.64845	0.0	0.0	1.82961	0.0	2.01131	0.0	0.0	0.0	0.2396	0.26053000000000004	0.16000999999999999	0.43287	0.0437	0.0	0.0	0.0	0.10817	0.0	0.0	0.0	0.0
k__Bacteria|p__Bacteroidetes|c__Bacteroidia|o__Bacteroidales|f__Rikenellaceae|g__Alistipes|s__Alistipes_ihumii	0.22563000000000002	0.0	0.0	0.02216	0.06808	0.0	0.0	0.0	0.19767	0.08517000000000001	0.02304	0.0	0.0	0.0	0.0	0.64647	0.0	0.0	0.00474	0.15015	0.10459	0.0	0.0	0.0	0.0	0.0	0.2137	1.22623	0.1059	0.06713	0.17761	0.0	0.0	0.0	0.0	0.0	0.01353	0.01951
k__Bacteria|p__Bacteroidetes|c__Bacteroidia|o__Bacteroidales|f__Rikenellaceae|g__Alistipes|s__Alistipes_indistinctus	0.13975	0.0	0.0	0.0	0.29302	0.0	0.0	0.0	0.0	0.0	0.0	0.00573	0.0	0.0	0.0	0.1877	0.0	0.0	0.0	0.0	0.0	0.02285	0.0	0.00718	0.0	0.0	0.0	0.6342	0.10680999999999999	0.0	0.08753999999999999	0.0	0.0	0.0	0.0	0.0	0.01017	0.0
k__Bacteria|p__Bacteroidetes|c__Bacteroidia|o__Bacteroidales|f__Rikenellaceae|g__Alistipes|s__Alistipes_inops	0.0	0.0	0.0	0.0	0.0	0.0	0.0	0.0	0.12055	0.0	0.0	0.0	0.0	0.0	0.0	0.0	0.0	0.0	0.0	0.11231	0.0	0.0	0.0	0.0	0.0	1.67573	0.0	0.0	0.0	0.0	0.0	0.0	0.0	1.3064799999999999	0.0	0.0038	0.0	0.0
k__Bacteria|p__Bacteroidetes|c__Bacteroidia|o__Bacteroidales|f__Rikenellaceae|g__Alistipes|s__Alistipes_onderdonkii	1.87592	1.4352	0.7662399999999999	0.02385	0.02359	0.0	0.0	0.0	3.4646	0.044160000000000005	0.0	0.26406999999999997	0.5284	0.0	0.0	0.21861999999999998	0.12145999999999998	0.0	0.0	0.03424	0.00629	0.69718	1.23212	0.05749	0.0	0.03632	0.62505	3.7918300000000005	0.18979000000000001	1.28614	1.7907099999999998	4.13696	0.0	0.30564	0.0	0.0	0.0	0.0
k__Bacteria|p__Bacteroidetes|c__Bacteroidia|o__Bacteroidales|f__Rikenellaceae|g__Alistipes|s__Alistipes_putredinis	4.08248	0.0	0.0	1.37991	2.28589	1.0867799999999999	0.0392	0.0	0.0	0.0	1.92297	1.5965799999999999	0.0	0.0	0.0	0.52877	1.7623099999999998	0.0	1.4308100000000001	3.91215	1.55891	6.63665	0.0	0.47343999999999997	0.0	0.0	4.76795	3.27572	1.76027	3.5373300000000003	4.14612	2.14678	0.39188	0.0	0.0	1.37165	1.3137299999999998	1.0156399999999999
k__Bacteria|p__Bacteroidetes|c__Bacteroidia|o__Bacteroidales|f__Rikenellaceae|g__Alistipes|s__Alistipes_senegalensis	0.01823	0.0	0.0	0.0	0.04359	0.0	0.0	0.0	0.0	0.0	0.060989999999999996	0.0	0.0	0.0	0.0	0.020919999999999998	0.0	0.0	0.0	0.0	0.0	0.0	0.0	0.0	0.0	0.0	0.0	0.18673	0.0	0.12845	0.24191	0.0	0.0	0.0	0.0	0.0	0.0	0.0
k__Bacteria|p__Bacteroidetes|c__Bacteroidia|o__Bacteroidales|f__Rikenellaceae|g__Alistipes|s__Alistipes_shahii	0.48168	0.0	0.0	0.13441	0.28171999999999997	0.16923	0.0	0.0	0.11798	0.41185	0.34115999999999996	0.0	0.0	0.0	0.0	0.05679	0.0	0.0	0.1825	1.38179	0.25544	0.0	0.0	0.19283	0.0	0.4341	0.39992	1.70095	0.02858	0.17945999999999998	0.7840699999999999	0.0	0.0	0.0	0.0	0.1754	0.0665	0.25997
k__Bacteria|p__Bacteroidetes|c__Bacteroidia|o__Bacteroidales|f__Rikenellaceae|g__Alistipes|s__Alistipes_sp_AF17_16	0.014119999999999999	0.0	0.0	0.00475	0.0	0.0	0.0	0.0	0.0	0.0	0.0	0.0123	0.0	0.0	0.0	0.0	0.0	0.0	0.08305	0.022019999999999998	0.0	0.16532	0.0	0.0	0.0	0.048	0.35028000000000004	0.0	0.0	0.17277	0.0	0.0	0.0	0.0	0.0	0.0	0.0	0.0
k__Bacteria|p__Bacteroidetes|c__Bacteroidia|o__Bacteroidales|f__Tannerellaceae|g__Parabacteroides|s__Parabacteroides_distasonis	0.95331	0.0	0.0	0.82815	1.16815	2.1328099999999997	0.0	0.0	0.0	0.63565	1.00611	1.02631	0.0	2.2727	0.0	0.55295	1.05629	0.0	0.61264	1.6167799999999999	0.31705	1.10067	0.38033	3.40495	0.0	2.33423	0.49627	4.20515	1.6135	1.6885700000000001	7.03247	0.0	0.11938	3.4511	2.72624	0.39748	0.22776999999999997	0.09583
k__Bacteria|p__Bacteroidetes|c__Bacteroidia|o__Bacteroidales|f__Tannerellaceae|g__Parabacteroides|s__Parabacteroides_johnsonii	0.0	0.0	21.66856	0.0	0.0	0.0	0.00109	0.0	0.59927	0.77942	0.01023	0.26100999999999996	0.0	0.0	0.0	0.0	0.058039999999999994	0.0	0.0	1.08083	0.0	0.5387	0.0	0.06832	0.0	0.0	0.0	0.0	0.14355	0.0	0.0	0.0	0.0	0.0	0.0	0.0	0.0	0.09303
k__Bacteria|p__Bacteroidetes|c__Bacteroidia|o__Bacteroidales|f__Tannerellaceae|g__Parabacteroides|s__Parabacteroides_merdae	1.28081	0.0	0.0	1.50852	0.70622	0.43481000000000003	0.08304	0.0	8.17972	0.0	0.27157	0.0	0.0	0.0	0.0	0.0	0.42646999999999996	0.0	0.42882	0.0	0.48966000000000004	0.0	0.5270199999999999	0.0	0.0	1.6943	0.46523000000000003	1.46485	0.11420999999999999	2.20238	0.0	0.0	0.0	0.0	0.0	0.41434	0.55475	0.22729000000000002
k__Bacteria|p__Bacteroidetes|c__CFGB602|o__OFGB602|f__FGB602|g__GGB1420|s__GGB1420_SGB1957	0.19322999999999999	0.0	0.0	0.0	0.0	0.0	0.0	0.0	0.0	0.0	0.00267	0.0	0.0	0.0	0.0	0.0	0.0	0.0	0.15502	0.0	0.00985	0.0	0.0	0.0	0.0	0.0	0.0	0.0	0.18633	0.13704000000000002	0.0	0.0	0.0	0.0	0.0	0.26839	0.0	0.04116
k__Bacteria|p__Candidatus_Melainabacteria|c__Candidatus_Melainabacteria_unclassified|o__Candidatus_Gastranaerophilales|f__Candidatus_Gastranaerophilales_unclassified|g__GGB6012|s__GGB6012_SGB8640	0.05661	0.0	0.0	1.57499	0.0	0.0	0.0	0.0	0.0	0.0	0.0	0.0	0.0	0.0	0.0	0.15148	0.0	0.0	0.0	0.0	0.0	0.0	0.0	0.0	0.0	0.0	0.0	3.50713	0.0	0.0	0.0	0.0	0.0	0.0	0.0	0.0	0.0	0.24086999999999997
k__Bacteria|p__Firmicutes|c__Bacilli|o__Lactobacillales|f__Lactobacillaceae|g__Ligilactobacillus|s__Ligilactobacillus_ruminis	0.0	0.0	0.0	0.0	0.00587	0.0	0.062360000000000006	0.0	0.0	0.0	0.02924	0.0	0.0	0.0	0.0	0.0	0.0	1.08942	2.55189	0.0	0.0	0.0	0.0	0.0	0.0	0.09684	0.0	0.0	0.0	0.55779	0.0	0.0	0.74398	0.0	0.0	0.0	0.0	0.03882
k__Bacteria|p__Firmicutes|c__Bacilli|o__Lactobacillales|f__Streptococcaceae|g__Streptococcus|s__Streptococcus_parasanguinis	0.0	0.0	0.0	0.0	0.2242	0.0	2.1118	0.0	0.0	0.0	0.0171	0.0	0.0	0.0	0.06054	0.0	0.0	0.0	0.0	0.0	0.0	0.0	0.01601	0.00479	0.17755	0.0	0.0	0.0	0.0	0.0	0.0	0.0	0.00373	0.08765	0.0	0.14909	0.21054	0.0
k__Bacteria|p__Firmicutes|c__Bacilli|o__Lactobacillales|f__Streptococcaceae|g__Streptococcus|s__Streptococcus_salivarius	0.0	0.0	0.10021000000000001	0.0	1.27391	0.0	2.29066	0.0	0.0	0.0	0.04067	0.0	0.0	0.00252	0.14774	0.04098	0.01844	0.00595	0.0	0.0	0.0	0.0	0.0	0.0199	0.15891	0.0	0.0	0.0	0.0	0.014480000000000002	0.0	0.0	0.0329	0.05058	0.0	0.38613000000000003	0.30338000000000004	0.0
k__Bacteria|p__Firmicutes|c__Bacilli|o__Lactobacillales|f__Streptococcaceae|g__Streptococcus|s__Streptococcus_thermophilus	0.0	0.0	0.0	0.0	0.0	0.0	0.20956	0.0	0.05417999999999999	0.0	0.0	0.0	0.0	0.05856	0.0	0.01176	0.0	0.0	0.0504	0.0	0.0	0.0	0.0	0.0	0.0	0.0	0.07065	0.0	0.0	0.0	0.0	0.04798	0.0	0.0	0.036910000000000005	0.02342	0.08981	0.0
k__Bacteria|p__Firmicutes|c__CFGB1340|o__OFGB1340|f__FGB1340|g__GGB3256|s__GGB3256_SGB4303	0.93535	0.0	0.0	0.0	0.0	0.0	0.28883000000000003	0.0	0.0	0.0	0.5807	0.0	0.0	0.0	0.0	0.0	0.0	0.0	1.58671	0.0	0.0	0.0	0.0	0.0	0.0	0.0	0.0	0.05317	0.0	0.0	0.0	0.2523	0.0	0.0	0.0	0.10670999999999999	0.0	0.0
k__Bacteria|p__Firmicutes|c__Clostridia|o__Candidatus_Borkfalkiales|f__Candidatus_Borkfalkiaceae|g__Candidatus_Borkfalkia|s__Candidatus_Borkfalkia_ceftriaxoniphila	0.14486	0.0	0.0	0.0	0.0	0.0	0.0	0.0	0.0	0.0	0.0	0.0	0.0	0.0	0.0	0.0	0.0	0.0	0.0	0.0	0.00907	0.02658	0.0	0.0	0.0	0.01725	0.0	0.14282999999999998	0.0	0.0	0.0	0.0	0.0	0.0	0.0	0.0	0.0	0.0
k__Bacteria|p__Firmicutes|c__Clostridia|o__Clostridia_unclassified|f__Clostridia_unclassified|g__Candidatus_Avimicrobium|s__Candidatus_Avimicrobium_caecorum	0.0	0.0	0.0	0.01214	0.00951	0.01023	0.0	0.0	0.0	0.0	0.0	0.0	0.0	0.0	0.0	0.05766	0.09157	0.12939	0.00966	0.0	0.030139999999999997	0.01989	0.07012	0.0	0.0	0.0	0.0611	0.0	0.00511	0.0369	0.0	0.01654	0.0	0.09068	0.0	0.007940000000000001	0.0189	0.0
k__Bacteria|p__Firmicutes|c__Clostridia|o__Clostridia_unclassified|f__Clostridia_unclassified|g__Clostridia_unclassified|s__Clostridia_bacterium	0.6019	0.0	0.0	0.0	0.04911	0.12094	0.02153	0.76907	1.28821	0.013940000000000001	0.07173	0.08706	0.0	0.0	0.0	1.8887900000000002	0.07326	0.12410999999999998	1.55592	0.9448200000000001	1.4150200000000002	0.4124	0.08685	0.04863	0.0	0.026039999999999997	0.37542	0.9654799999999999	0.04666	0.5484	0.0	0.01214	0.04371	0.22439	0.0	0.44168	0.0048200000000000005	0.16698
k__Bacteria|p__Firmicutes|c__Clostridia|o__Clostridia_unclassified|f__Clostridia_unclassified|g__Clostridia_unclassified|s__Clostridia_unclassified_SGB4121	0.005370000000000001	0.0	0.0	0.0	0.0	0.0	0.0	0.00107	0.07873	0.00483	0.01757	0.0	0.0	0.0	0.0	0.09047999999999999	0.0	0.0	0.11184000000000001	0.0	0.0	0.00815	0.0	0.016030000000000003	0.0	0.00772	0.07279	0.01949	0.0	0.07765	0.0	0.006659999999999999	0.0	0.0	0.00855	0.0007599999999999999	0.0	0.0
k__Bacteria|p__Firmicutes|c__Clostridia|o__Clostridia_unclassified|f__Clostridia_unclassified|g__Clostridia_unclassified|s__Clostridia_unclassified_SGB4367	0.0	0.0	0.0	0.0	1.52521	0.0	0.0	0.0	0.0	0.0	0.0	0.0	0.0	0.0	0.0	4.83859	0.0	0.0	0.0	0.0	0.43513999999999997	0.0	0.0	0.0	0.0	0.17349	0.0	0.0	0.0	0.0	0.0	0.0	0.02598	0.0	0.0	0.03657	0.0	2.1346700000000003
k__Bacteria|p__Firmicutes|c__Clostridia|o__Clostridia_unclassified|f__Clostridia_unclassified|g__Clostridia_unclassified|s__Clostridia_unclassified_SGB4447	0.0	0.0	0.0	0.0	0.0	0.0	0.0	0.0	0.0	0.0	0.16766	0.0	0.0	0.0	0.0	0.0	0.37803000000000003	0.0	0.0	0.0	0.02052	0.0	0.0	0.0	0.04897	0.0	0.0	0.0	0.0	0.17057999999999998	0.0	0.0	0.0	0.06942999999999999	0.0	0.0	0.0	0.0
k__Bacteria|p__Firmicutes|c__Clostridia|o__Clostridia_unclassified|f__Clostridia_unclassified|g__Clostridia_unclassified|s__Clostridia_unclassified_SGB6276	0.0	0.0	0.0	0.0	0.0	0.0	0.0	0.0	0.0	0.0	0.0	0.0	0.0	0.0	0.0	0.0	0.0	0.0	0.0	3.23128	0.13906	0.0	0.0	0.0	0.0	0.0	0.10547999999999999	0.0	0.0	2.81908	0.0	0.0	0.0	0.0	0.0	0.00381	0.0	0.16815
k__Bacteria|p__Firmicutes|c__Clostridia|o__Clostridia_unclassified|f__Clostridia_unclassified|g__GGB3277|s__GGB3277_SGB4327	0.0	0.0	0.0	0.0	0.0	0.05836	0.0	0.0	0.0	0.0	0.0	0.0	0.0	0.0	0.0	0.0	0.4529	0.0	0.0	0.0	0.49721000000000004	0.0	0.0	0.0	0.0	0.0	0.71232	0.0	0.0	0.0	0.0	0.0	0.0	0.0	0.0	0.0487	0.0	0.6681199999999999
k__Bacteria|p__Firmicutes|c__Clostridia|o__Clostridia_unclassified|f__Clostridia_unclassified|g__GGB3293|s__GGB3293_SGB4348	0.0	0.0	0.0	0.0	0.0	0.0	0.06464	0.0	0.0	0.0	0.0	0.0	0.0	0.0	0.0	0.0	0.0	0.0	0.0	7.624439999999999	4.8974400000000005	0.0	0.0	0.0	0.0	0.0	0.0	0.0	0.0	4.24146	0.0	0.0	0.36096	0.0	0.0	0.0	0.0	0.0
k__Bacteria|p__Firmicutes|c__Clostridia|o__Clostridia_unclassified|f__Clostridia_unclassified|g__GGB4585|s__GGB4585_SGB6340	0.0	0.0	0.0	0.0	0.0	0.0	0.0	0.0	0.0	0.0	0.0	0.0	0.0	0.0	0.0	0.01277	0.0	0.0	0.0	1.026	0.77687	0.2393	0.0	0.0	0.0	0.0097	0.0	0.0	0.0	0.0	0.0	0.0	0.0	0.0	0.0	0.0	0.0	0.0
k__Bacteria|p__Firmicutes|c__Clostridia|o__Clostridia_unclassified|f__Clostridia_unclassified|g__GGB9758|s__GGB9758_SGB15368	0.0	0.0	0.0	0.0	0.0	0.0	0.0	0.0	0.0	0.0	0.0	0.0	0.0	0.0	0.0	0.33521999999999996	0.0	0.0	0.28254	0.0	0.26427	0.051160000000000004	0.0	0.0	0.0	0.0	0.20561	0.0	0.0	0.0	0.0	0.0	0.0	0.0	0.0	0.09417	0.0	0.0
k__Bacteria|p__Firmicutes|c__Clostridia|o__Clostridiales|f__Clostridiaceae|g__Butyricicoccus|s__Butyricicoccus_sp_AM29_23AC	0.0	0.0	0.0	0.0	0.0	0.03372	0.0	0.0	0.0	0.11555	0.0	0.09877999999999999	0.0	0.34931999999999996	0.0	0.01171	0.0	0.0	0.0017699999999999999	0.48445	0.010329999999999999	0.0	0.0	0.02102	0.0	0.01409	0.0	0.0	0.0	0.07393999999999999	0.0	0.0	0.11010999999999999	0.0	0.0	0.0	0.0	0.02808
k__Bacteria|p__Firmicutes|c__Clostridia|o__Clostridiales|f__Clostridiaceae|g__Clostridiaceae_unclassified|s__Clostridiaceae_bacterium	0.54538	1.40062	0.09756000000000001	0.04218	0.09147000000000001	0.04102	0.0378	13.8322	0.09312999999999999	0.5100899999999999	0.28436	0.14531	0.004079999999999999	1.15762	0.0	0.03402	0.08334	1.47856	0.34738	0.8494299999999999	0.29131	0.0	0.41476999999999997	0.09562999999999999	0.0	0.01325	0.058289999999999995	0.0	0.07209	0.28486	0.05711	0.41378000000000004	0.04427	0.52155	0.0	0.17786	0.13279000000000002	0.07954
k__Bacteria|p__Firmicutes|c__Clostridia|o__Clostridiales|f__Clostridiaceae|g__Clostridiaceae_unclassified|s__Clostridiaceae_bacterium_OM08_6BH	0.01179	0.0	0.0	0.00533	0.0	0.1509	0.008029999999999999	0.0	0.0	0.06427000000000001	0.05861	0.0	0.0	0.08125	0.0	0.00772	0.0	0.0	0.03644	0.0	0.07267	0.0	0.0858	0.058570000000000004	0.0	0.01466	0.0	0.0	0.01845	0.04409	0.0	0.0	0.0	0.0	0.0	0.00997	0.0034700000000000004	0.03165
k__Bacteria|p__Firmicutes|c__Clostridia|o__Clostridiales|f__Clostridiaceae|g__Clostridiaceae_unclassified|s__Clostridiaceae_unclassified_SGB4769	0.0	0.0	0.0	0.0	0.0	0.022359999999999998	0.004370000000000001	0.0	0.0	0.0	0.03108	0.0	0.0	0.0	0.0	0.0	0.0042899999999999995	0.0	0.0	0.02314	0.0019	0.0	0.06813	0.0	0.0	0.0	0.0	0.0	0.0	0.02371	0.0	0.03587	0.0	0.0035700000000000003	0.0	0.0	0.0	0.0
k__Bacteria|p__Firmicutes|c__Clostridia|o__Clostridiales|f__Clostridiaceae|g__Clostridium|s__Clostridium_SGB6179	0.0	0.0	0.0	0.0	0.0	0.0	0.29491999999999996	0.0	0.0	0.0	0.0	0.0	0.0	0.0	0.0	0.0	0.0	0.34655	0.0	0.0	0.0	0.0	0.0	0.0	0.0	0.0	0.0	0.0	0.0	0.0	0.0	0.0	0.0	0.26661999999999997	0.0	0.01115	0.0	0.0
k__Bacteria|p__Firmicutes|c__Clostridia|o__Clostridiales|f__Clostridiaceae|g__Clostridium|s__Clostridium_disporicum	0.0	0.0	0.0	0.056670000000000005	0.0	0.0	0.0	0.0	0.0	0.0	0.03447	0.0	0.0	0.00818	0.0	0.02449	0.0	0.0	0.46136000000000005	0.0	0.0	0.0	0.0	0.0	0.036489999999999995	0.0	0.0	0.0	0.0	0.0	0.0	0.0	0.022869999999999998	0.0	0.0	0.0	0.0	0.0
k__Bacteria|p__Firmicutes|c__Clostridia|o__Clostridiales|f__Clostridiaceae|g__Clostridium|s__Clostridium_fessum	0.0957	0.0	0.0	0.06129	0.03896	0.5393	0.64426	0.0	0.0	0.259	0.37504	0.0	0.0	0.14472000000000002	0.26931	0.014459999999999999	0.449	0.0	0.05293	0.20576	0.28762	0.0	0.10006	0.80256	0.0	0.13088	0.10082999999999999	0.0	0.7076600000000001	0.32282	0.0	0.20514000000000002	0.07184	0.0	0.0	0.03469	0.02035	0.17067000000000002
k__Bacteria|p__Firmicutes|c__Clostridia|o__Clostridiales|f__Clostridiaceae|g__Clostridium|s__Clostridium_paraputrificum	0.0	0.0	0.0	0.0	0.0	0.0	0.013919999999999998	0.0318	0.0	0.0	0.0	0.0	0.03537	0.0	0.04192	0.0	0.0	0.0	0.00064	0.0	0.0	0.0	0.0	0.0	0.0	0.0	0.0	0.0	0.0	0.0	0.0	0.0	0.0	0.0	0.0	0.0	0.0	0.0
k__Bacteria|p__Firmicutes|c__Clostridia|o__Clostridiales|f__Clostridiaceae|g__Clostridium|s__Clostridium_phoceensis	0.02955	0.0	0.0	0.0	0.0027199999999999998	0.0	0.0	0.0	0.0	0.00837	0.0579	0.08094	0.0	0.0	0.0	0.0	0.0984	0.0	0.04867	0.0	0.054029999999999995	0.13027	0.09222000000000001	0.0	0.0	0.03424	0.0461	0.0	0.028189999999999996	0.026410000000000003	0.25724	0.00587	0.0	0.07176	0.0	0.0	0.0	0.017580000000000002
k__Bacteria|p__Firmicutes|c__Clostridia|o__Clostridiales|f__Clostridiaceae|g__Clostridium|s__Clostridium_sp_AF15_49	0.0	0.0	0.0	0.0	0.2945	0.0	0.0	0.0	0.0	0.0	0.0	0.0	0.0	0.0	0.0	0.034460000000000005	0.0	0.0	0.0	0.0	0.0	0.0	0.0	0.0	0.0	0.040010000000000004	0.0	0.06355	0.0	0.0	0.09719	0.0	0.02515	0.0	0.0	0.57512	0.006659999999999999	0.7066899999999999
k__Bacteria|p__Firmicutes|c__Clostridia|o__Clostridiales|f__Clostridiaceae|g__Clostridium|s__Clostridium_sp_AF20_17LB	0.0	0.0	0.0	0.0	0.0	0.0	0.0	0.0	0.0	0.06713	0.09031	0.0	0.0	0.006370000000000001	0.0	0.0	0.06905	0.0	0.0	0.11472	0.0184	0.02465	0.0	0.02396	0.0	0.05413	0.008190000000000001	0.0	0.06627999999999999	0.13151	0.5039	0.01567	0.11045999999999999	0.0	0.0	0.0717	0.13992000000000002	0.013890000000000001
k__Bacteria|p__Firmicutes|c__Clostridia|o__Clostridiales|f__Clostridiaceae|g__Clostridium|s__Clostridium_sp_AF27_2AA	0.0	0.06097	0.0	0.0	0.0	0.0	0.00182	0.0	0.0	0.05416	0.0795	0.0	0.0	0.0	0.0	0.0	0.0	0.0	0.0	0.0	0.00146	0.0	0.0	0.41849	0.0	0.0	0.021480000000000003	0.0	0.0	0.0	0.0	0.28661	0.0	0.0	0.0	0.0	0.0	0.00355
k__Bacteria|p__Firmicutes|c__Clostridia|o__Clostridiales|f__Clostridiaceae|g__Clostridium|s__Clostridium_sp_AF34_10BH	0.0	0.0	0.0	0.10828	0.02002	0.0	0.0	31.74788	0.047830000000000004	0.48386	0.65574	0.1955	0.0	0.68529	0.0	0.0	0.044469999999999996	0.34434000000000003	0.16143	0.25686	0.14275	0.28825	5.6935	0.0	0.0	0.06481	1.3627200000000002	0.00957	0.07668	0.12038	3.09156	0.08189	0.00315	2.5074400000000003	0.0	0.02543	0.31795999999999996	0.29545
k__Bacteria|p__Firmicutes|c__Clostridia|o__Clostridiales|f__Clostridiaceae|g__Clostridium|s__Clostridium_sp_AF34_13	0.0	0.0	0.0	0.0	0.0	0.0	0.0	0.0	0.0	0.41443	0.62644	0.0	0.0	5.3297300000000005	0.0	0.0	3.29276	0.0	0.0	0.37754	0.3797	0.0	0.0	0.0	0.0	0.0	0.0	0.0	0.0137	0.38215	0.0	0.09054	0.0	0.57012	0.0	0.0	0.0	0.0
k__Bacteria|p__Firmicutes|c__Clostridia|o__Clostridiales|f__Clostridiaceae|g__Clostridium|s__Clostridium_sp_AF36_4	0.0	0.0	0.0	0.0	0.0	0.0	0.0	0.0	0.0	0.14439000000000002	0.11262	0.0	0.0	0.0	0.0	0.13347	0.0	1.2199200000000001	0.53098	0.55597	0.29424	0.0	0.43865	0.0	0.0	0.05646	0.03437	0.01018	0.0	0.1223	0.50737	0.30358	0.0	0.051289999999999995	0.0	0.12523	0.01974	0.0
k__Bacteria|p__Firmicutes|c__Clostridia|o__Clostridiales|f__Clostridiaceae|g__Clostridium|s__Clostridium_sp_AM22_11AC	0.06519	0.0	0.0	0.00958	0.03893	0.0	0.00293	0.0	0.0	0.01172	0.059570000000000005	0.56548	0.0	0.0	0.0	0.02665	0.15224000000000001	0.0	0.01039	0.0	0.06666	0.0	0.20984	2.22785	0.0	0.0	0.01496	0.0	0.19623	0.10540999999999999	0.00164	0.0	0.0	0.07566	0.49018	0.0	0.0	0.01089
k__Bacteria|p__Firmicutes|c__Clostridia|o__Clostridiales|f__Clostridiaceae|g__Clostridium|s__Clostridium_sp_AM33_3	0.0	0.0	0.0	0.0	0.0	0.01063	0.03499	0.0	0.0	0.0119	0.02228	0.02071	0.0	0.0112	0.0	0.00801	0.02497	0.0	0.011290000000000001	0.0	0.055510000000000004	0.0	0.04143	0.061110000000000005	0.0	0.0	0.0	0.0	0.0	0.03652	0.0	0.0	0.01415	0.02737	0.0	0.0	0.0	0.00379
k__Bacteria|p__Firmicutes|c__Clostridia|o__Clostridiales|f__Clostridiaceae|g__Clostridium|s__Clostridium_sp_AM49_4BH	0.0	0.0	0.0	0.00543	0.01475	0.0	0.0	0.0	0.0	0.50694	0.9560799999999999	0.0	0.0	0.32261999999999996	0.0	0.00851	0.30871	0.12437999999999999	0.061689999999999995	0.35483000000000003	0.36414	0.0	0.81875	0.0	0.0	0.05058	0.0	0.0069900000000000006	0.0	0.0405	0.0	0.01139	0.0	0.05905	0.0	0.19326	0.04526	0.00678
k__Bacteria|p__Firmicutes|c__Clostridia|o__Clostridiales|f__Clostridiaceae|g__Clostridium|s__Clostridium_sp_AT4	0.0	0.0	0.0	0.0	0.0	0.0	0.0	0.87005	0.0	0.0125	0.0	0.5101100000000001	0.0	0.00458	0.0	0.0	0.07521	0.23533	0.0	0.0	0.0	0.0	0.0014199999999999998	0.0	0.0	0.0	0.0	0.0	0.2377	0.0	0.0	0.09997	0.0	0.0	0.4689	0.0	0.0	0.0
k__Bacteria|p__Firmicutes|c__Clostridia|o__Clostridiales|f__Clostridiaceae|g__Clostridium|s__Clostridium_sp_NSJ_42	0.0	0.0	0.0	0.0	0.0	0.0	0.0	0.0	0.0	0.04205	0.0	0.0	0.0	0.0	0.0	0.47233	0.0	0.0	0.01259	0.0	0.0	0.0	0.0	0.69262	0.0	0.0	0.0	0.0	0.0	0.0	0.0	0.0	0.0	0.0039299999999999995	0.0	0.0166	0.0	0.0
k__Bacteria|p__Firmicutes|c__Clostridia|o__Clostridiales|f__Clostridiaceae|g__Hungatella|s__Hungatella_hathewayi	0.0	0.0	0.05355	0.0	0.0	0.0	0.0	0.0	0.02901	0.0	0.0	0.0	0.0	0.01176	0.0	0.31639	0.0	0.0	0.0	0.0	0.0	0.15378	0.0	0.0	0.0	0.0	0.015040000000000001	1.41791	0.0	0.0	0.0	0.0035	0.0	0.0	0.0	0.0	0.0	0.0
k__Bacteria|p__Firmicutes|c__Clostridia|o__Clostridiales|f__Clostridiales_unclassified|g__Clostridiales_unclassified|s__Clostridiales_bacterium	0.01675	0.0	0.0	0.0	0.0	0.0	0.0	0.0	0.34708	0.01207	0.0	0.03522	0.0	0.0	0.0	0.0	0.23518000000000003	0.0	0.0	0.047639999999999995	0.01183	0.02504	0.0	0.0	0.0	0.0	0.06709	0.0	0.14206	0.0	0.07074	0.08115	0.0	0.01737	0.0	0.0	0.0	0.0
k__Bacteria|p__Firmicutes|c__Clostridia|o__Clostridiales|f__Clostridiales_unclassified|g__Clostridiales_unclassified|s__Clostridiales_bacterium_KLE1615	0.14035999999999998	0.0	0.0	0.0	0.00035	0.00621	0.053770000000000005	0.0	0.06713	0.06748	0.20975	0.0	0.0	0.45046	0.0	0.09498999999999999	0.03621	0.0	0.19027	0.68697	0.36646999999999996	0.0	0.0	0.0	0.0	0.02605	0.17812	0.0	0.00949	0.13962	0.09661	0.007379999999999999	0.00078	0.02474	0.0	0.008409999999999999	0.01511	0.043410000000000004
k__Bacteria|p__Firmicutes|c__Clostridia|o__Clostridiales|f__Clostridiales_unclassified|g__Clostridiales_unclassified|s__Clostridiales_unclassified_SGB15145	0.0	0.0	0.0	0.0	0.0	0.09447	0.0347	0.0	0.0	0.0	0.0	0.0	0.0	0.0	0.0	0.0	0.00109	0.0	0.0	0.0019	0.07501000000000001	0.0	0.0	0.0	0.0	0.0	0.0	0.0	0.01535	0.01786	0.02883	0.0	0.0	0.0	0.0	0.00507	0.0	0.03581
k__Bacteria|p__Firmicutes|c__Clostridia|o__Clostridiales|f__Clostridiales_unclassified|g__Evtepia|s__Evtepia_gabavorous	0.01007	0.0	0.0	0.0	0.00343	0.0	0.0	0.0	0.0	0.009309999999999999	0.0	0.0	0.0	0.0	0.0	0.41046000000000005	0.0	0.0	0.0	0.0	0.0	0.03352	0.0	0.0	0.0	0.0	0.0	0.09656	0.0	0.0	0.0	0.0	0.0	0.02168	0.0	0.0	0.0	0.0
k__Bacteria|p__Firmicutes|c__Clostridia|o__Clostridiales|f__Eubacteriaceae|g__Eubacteriaceae_unclassified|s__Eubacteriaceae_bacterium	0.0	0.0	0.0	0.0	0.0	0.0	0.0	0.0	0.30744	0.00939	0.04044	0.0	0.0	0.0	0.0	0.1741	0.0	0.0	0.04191	0.01573	0.00695	0.0	0.0	0.0	0.0	0.0	0.0066099999999999996	0.0	0.0	0.04136	0.0	0.0	0.0	0.0	0.0	0.0	0.0	0.0038200000000000005
k__Bacteria|p__Firmicutes|c__Clostridia|o__Clostridiales|f__Eubacteriaceae|g__Eubacterium|s__Eubacterium_ramulus	0.0	0.0	0.0	0.0	0.0	0.20864000000000002	0.04336	0.0	0.0	0.04358	0.11202999999999999	0.05931	0.0	0.0	0.0	0.08956	0.02368	0.0	0.1043	0.02888	0.00758	0.22111	0.0	0.00834	0.0	0.0	0.0197	0.0	0.0	0.17540999999999998	0.0	0.0	0.0	0.0	0.0	0.0	0.00734	0.0
k__Bacteria|p__Firmicutes|c__Clostridia|o__Clostridiales|f__Eubacteriaceae|g__Eubacterium|s__Eubacterium_sp_AF34_35BH	0.0	0.0	0.0	0.0	0.0	0.0	0.0	0.0	0.0	0.0	0.07217	0.0	0.00688	0.11254000000000002	0.0	0.0	0.0	0.0	0.20351	0.0	0.0	0.0	0.0	0.0	0.0	0.0	0.0	0.0	0.0	0.0	0.0	0.0	0.0	0.10513	0.0	0.0015400000000000001	0.0	0.0
k__Bacteria|p__Firmicutes|c__Clostridia|o__Clostridiales|f__Eubacteriaceae|g__Eubacterium|s__Eubacterium_sp_AM28_29	0.55265	0.0	0.0	0.0	0.07267	0.01445	2.11793	0.0	0.0	0.0	0.0	0.0	0.0	0.0	0.0	0.0	0.0	0.0	1.46595	0.0	0.0	0.0	0.0	0.0	0.0	0.14114000000000002	0.0	0.0	0.0	0.0	0.0	0.0	0.0	0.0	0.0	0.0	0.08	0.0
k__Bacteria|p__Firmicutes|c__Clostridia|o__Clostridiales|f__Eubacteriaceae|g__Eubacterium|s__Eubacterium_ventriosum	0.38519000000000003	0.0	0.0	0.0	0.01515	0.44103000000000003	0.0	0.0	0.0	0.09387000000000001	0.0	0.0	0.0	0.0	0.0	0.0	0.0	0.0	0.17828	0.0	0.03404	0.0	0.0	0.0	0.0	0.03907	0.01254	0.00886	0.037239999999999995	0.5179699999999999	0.013890000000000001	0.09459	0.0	0.0	0.0	0.029710000000000004	0.00732	0.36505
k__Bacteria|p__Firmicutes|c__Clostridia|o__Clostridiales|f__Lachnospiraceae|g__Anaerobutyricum|s__Anaerobutyricum_hallii	0.050519999999999995	0.041389999999999996	0.25283	0.0	0.03266	0.0	0.18877	0.0	0.0	0.13419	0.53385	0.18954000000000001	0.0	0.6984600000000001	0.0	2.7133599999999998	0.03197	0.94886	1.0192	0.11307	0.05587999999999999	0.0	0.05123	0.0	0.0	0.0015300000000000001	0.23031	0.0	0.0934	0.87355	0.03695	0.0802	0.21323000000000003	0.14022	0.24069000000000002	0.0	0.0	0.00106
k__Bacteria|p__Firmicutes|c__Clostridia|o__Clostridiales|f__Lachnospiraceae|g__Anaerostipes|s__Anaerostipes_hadrus	0.025330000000000002	0.11044000000000001	0.0	0.0	0.0	0.0	0.00426	0.0	0.01007	0.19455999999999998	0.00809	0.0	0.0	0.27851	1.18444	1.49725	0.02136	1.12507	0.42941999999999997	0.33348	0.0147	0.01236	0.39111	0.39649	0.0	0.014740000000000001	1.05806	0.0	0.026160000000000003	0.37388000000000005	0.16155999999999998	0.13683	0.15223	0.27738	0.0	0.0035	0.48345	0.050539999999999995
k__Bacteria|p__Firmicutes|c__Clostridia|o__Clostridiales|f__Lachnospiraceae|g__Anaerotignum|s__Anaerotignum_faecicola	0.0	0.0	0.0	0.019719999999999998	0.0	1.8390400000000002	0.0	0.0	0.0	0.0	0.12965	0.0	0.09257	0.0	0.0	0.2065	0.05637	0.0	0.0	0.0	0.39305	0.5764199999999999	0.0	0.0	0.0	0.00818	0.0	0.09926	0.20793000000000003	0.0	0.0	0.0	0.01223	0.08596000000000001	0.0	0.02137	0.02334	0.038110000000000005
k__Bacteria|p__Firmicutes|c__Clostridia|o__Clostridiales|f__Lachnospiraceae|g__Blautia|s__Blautia_SGB4815	0.0	0.0	0.0	0.0	0.01828	0.0	0.07063	0.0	0.0	0.0	0.07134	0.0	0.0	0.013909999999999999	0.0	0.20559000000000002	0.0	0.0	0.028030000000000003	0.02338	0.0	0.0	0.09731000000000001	0.14257999999999998	0.0	0.0	0.00374	0.0	0.0	0.00591	0.0	0.0	0.0	0.01269	0.0	0.0059	0.0	0.00157
k__Bacteria|p__Firmicutes|c__Clostridia|o__Clostridiales|f__Lachnospiraceae|g__Blautia|s__Blautia_SGB4831	0.0	0.0	0.0	0.0	0.0	0.0	0.054279999999999995	0.0	0.0	0.0	0.13254000000000002	0.0	0.0	0.0	0.0	0.7894100000000001	0.0	0.0	0.02905	0.0	0.00439	0.0	0.0	0.01295	0.0	0.0	0.0	0.0	0.0	0.0	0.0	0.0	0.0	0.0	0.0	0.0	0.0	0.0
k__Bacteria|p__Firmicutes|c__Clostridia|o__Clostridiales|f__Lachnospiraceae|g__Blautia|s__Blautia_caecimuris	0.0	0.0	0.03084	0.0	0.0	0.0	0.0	0.32623	0.0	0.0	0.0	0.47897	0.0	0.0	0.0	0.0	0.0	0.0	0.0	0.0	0.0	0.033819999999999996	0.0	0.0	0.0	0.0	0.0	0.0	0.09774	0.0	0.0	0.0	0.0	0.0	0.07555	0.0	0.0	0.0
k__Bacteria|p__Firmicutes|c__Clostridia|o__Clostridiales|f__Lachnospiraceae|g__Blautia|s__Blautia_faecicola	0.0	0.0	0.0	0.0	0.0	0.0	0.0	0.0	0.0	0.0	0.0	0.0	0.0	0.0	0.0	0.03909	0.0	0.0	0.0	0.0	0.03077	0.0	0.0	0.02694	0.0	0.0	0.0	0.0	0.0	0.0	0.0	0.0	0.07543	0.0	0.0	0.0	0.008709999999999999	0.0
k__Bacteria|p__Firmicutes|c__Clostridia|o__Clostridiales|f__Lachnospiraceae|g__Blautia|s__Blautia_faecis	0.048530000000000004	0.0	0.83005	0.03329	0.08726	0.15967	0.09796	4.69315	0.35681999999999997	0.11137999999999999	0.07131	0.0	0.0	0.1175	0.0	1.33728	0.00061	0.0851	0.13291	0.47162	0.00161	0.0	0.11880999999999999	0.00379	0.50151	0.0	0.19576	0.0	0.013969999999999998	0.04326	0.028589999999999997	0.22271999999999997	0.10445	0.14511	0.0	0.02045	0.02137	0.01376
k__Bacteria|p__Firmicutes|c__Clostridia|o__Clostridiales|f__Lachnospiraceae|g__Blautia|s__Blautia_glucerasea	0.13451	0.0	0.0	0.0	0.0	0.0	0.0	0.0	0.0	0.0	0.0	0.0	0.0	0.02179	0.0	0.0	0.0	0.0	0.0	0.0	0.14247	0.0	0.10311	0.0	0.0	0.0	0.03837	0.0	0.0	0.0	0.0	0.0	0.0	0.03612	0.0	0.0	0.0	0.0
k__Bacteria|p__Firmicutes|c__Clostridia|o__Clostridiales|f__Lachnospiraceae|g__Blautia|s__Blautia_hansenii	0.0	0.0	0.0	0.0	0.0	0.0	0.0	0.55415	2.7526200000000003	0.0	0.0	0.0021899999999999997	0.0	0.0	0.0	0.0	0.0	0.01957	0.0	0.0	0.0	0.0	0.0	0.0	0.0	0.0	0.0	0.0	0.0	0.0	0.0	0.0	0.0	0.0	0.16191	0.0	0.0	0.0
k__Bacteria|p__Firmicutes|c__Clostridia|o__Clostridiales|f__Lachnospiraceae|g__Blautia|s__Blautia_massiliensis	0.03179	0.0	0.0	0.00692	0.0	0.0	0.05897	1.83303	0.0	0.11915	0.35173000000000004	0.0	0.0	0.0	0.0	0.21711999999999998	0.01266	0.57703	0.024419999999999997	0.0	0.05075	0.00572	0.036680000000000004	0.3287	0.0	0.0	0.21445	0.0	0.0	0.10777	0.19301	0.10224	0.0	0.32522	0.0	0.0	0.0	0.0
k__Bacteria|p__Firmicutes|c__Clostridia|o__Clostridiales|f__Lachnospiraceae|g__Blautia|s__Blautia_obeum	0.16385999999999998	0.05346	0.0	0.0	0.00451	0.08152999999999999	0.13593	0.0	0.7656	0.07245	0.1817	0.03405	0.0	0.016919999999999998	0.0	0.18667999999999998	0.00365	0.0	0.30754000000000004	0.11723	0.13269	0.0563	0.13294	0.34468000000000004	0.0	0.04193	0.29181999999999997	0.0	0.0	0.1222	0.0	0.0	0.026000000000000002	0.08686	0.0	0.006670000000000001	0.02019	0.0
k__Bacteria|p__Firmicutes|c__Clostridia|o__Clostridiales|f__Lachnospiraceae|g__Blautia|s__Blautia_producta	0.0	0.0	0.0	0.0	0.0	0.0	0.0	0.04578	0.0532	0.0	0.0	0.29316	0.0	0.0	0.0	0.0	0.0	0.21156	0.0	0.0	0.0	0.0	0.0	0.0	0.0	0.0	0.0	0.0	0.0	0.0	0.0	0.0	0.0	0.0	0.0	0.0	0.0	0.0
k__Bacteria|p__Firmicutes|c__Clostridia|o__Clostridiales|f__Lachnospiraceae|g__Blautia|s__Blautia_sp_AF19_10LB	0.0	0.00719	0.0	0.0	0.0	0.01598	0.0	0.0	0.0	0.0	0.0	0.0	0.0	0.0	0.0	0.0	0.02519	0.0	0.0	0.0	0.0	0.0	0.0	0.0	0.0	0.0	0.02094	0.0	0.0	0.0	0.0	0.0	0.0	0.07936	0.0	0.0	0.0	0.0
k__Bacteria|p__Firmicutes|c__Clostridia|o__Clostridiales|f__Lachnospiraceae|g__Blautia|s__Blautia_sp_MSK_20_85	0.0	0.0	0.0	0.0	0.036489999999999995	0.0	0.27113000000000004	0.0	0.0	0.059000000000000004	0.0	0.0	0.0	0.0	0.0	1.0433299999999999	0.0	0.0	1.05506	0.24652	0.01239	0.0	0.0	0.13216	0.0	0.0	0.0	0.0	0.029939999999999998	0.0	0.0	0.0	0.0406	0.0	0.0	0.0	0.0	0.025689999999999998
k__Bacteria|p__Firmicutes|c__Clostridia|o__Clostridiales|f__Lachnospiraceae|g__Blautia|s__Blautia_sp_OF03_15BH	0.0	0.0	0.0	0.0	0.0	0.0	0.014369999999999999	0.0	0.0	0.0	0.0	0.0	0.0	0.0	0.0	0.0	0.0	0.0281	0.00542	0.0	0.00515	0.0	0.0	0.0125	0.0	0.0	0.0	0.0	0.0	0.00823	0.0	0.0	0.0149	0.0	0.0	0.0	0.0	0.0035700000000000003
k__Bacteria|p__Firmicutes|c__Clostridia|o__Clostridiales|f__Lachnospiraceae|g__Blautia|s__Blautia_wexlerae	0.17339000000000002	0.8702200000000001	1.49185	0.0451	0.10685	0.03992	0.51047	0.0	0.19918	0.44656	0.89994	0.58176	0.0	0.48373999999999995	0.23561999999999997	0.97677	0.16922	0.33595	1.81551	0.42416000000000004	0.18312	0.10284000000000001	0.21001999999999998	0.9267700000000001	0.0	0.0	0.45392	0.0	0.10462	0.7149399999999999	0.27697	0.9874	0.11507	0.38889	1.05108	0.04746	0.076	0.05041
k__Bacteria|p__Firmicutes|c__Clostridia|o__Clostridiales|f__Lachnospiraceae|g__Coprococcus|s__Coprococcus_catus	0.0449	0.0	0.0	0.0	0.0	0.05086	0.02275	0.0	0.23899	0.02187	0.07057999999999999	0.0	0.0	0.04746	0.0	0.64122	0.015059999999999999	0.0	0.5877399999999999	0.04385	0.02171	0.0	0.0	0.013330000000000002	0.0	0.03601	0.10837999999999999	0.0	0.0	0.06698	0.0	0.0	0.0	0.05901	0.0	0.01955	0.0	0.01157
k__Bacteria|p__Firmicutes|c__Clostridia|o__Clostridiales|f__Lachnospiraceae|g__Coprococcus|s__Coprococcus_comes	0.03528	0.0	0.0	0.0	0.11456	0.06447	0.7417600000000001	0.0	0.0	0.75895	0.2283	0.0	0.0	0.0	0.0	1.54825	0.03941	0.0	0.74283	0.0	0.17739000000000002	0.0	0.08345	0.0	0.0	0.01854	0.10735	0.0	0.0	0.15821	0.11977	0.0	0.0	0.07743	0.0	0.0504	0.02009	0.13624
k__Bacteria|p__Firmicutes|c__Clostridia|o__Clostridiales|f__Lachnospiraceae|g__Coprococcus|s__Coprococcus_eutactus	0.0	0.0	0.0	0.030989999999999997	0.0	0.0	0.015090000000000001	0.0	0.0	0.0	0.0	0.0	0.0	0.0	0.0	0.914	0.0	0.0	0.0	2.04834	1.39038	0.0	0.0	0.0	0.0	0.0	0.0	0.00688	0.0	0.46717	0.00405	0.0	0.26339	0.0	0.0	0.01126	0.29952	0.09598
k__Bacteria|p__Firmicutes|c__Clostridia|o__Clostridiales|f__Lachnospiraceae|g__Dorea|s__Dorea_formicigenerans	0.16893	0.0	0.0	0.0	0.0543	0.03279	0.81876	0.0	0.0	0.02563	0.13627	0.05435	0.0	0.31986	0.0	0.77298	0.034839999999999996	0.5153	0.39285	0.04687	0.11678	0.04766	0.0564	0.11777	0.0	0.01575	0.09085	0.01165	0.01514	0.09729	0.0	0.0	0.11627	0.12758	0.0	0.00924	0.04235	0.07272
k__Bacteria|p__Firmicutes|c__Clostridia|o__Clostridiales|f__Lachnospiraceae|g__Dorea|s__Dorea_longicatena	0.36744	0.0	0.0	0.014190000000000001	0.20287	0.0008699999999999999	1.90546	0.0	0.0	0.31025	0.3934	0.08417999999999999	0.0	0.0	0.0	3.9352	0.17206	0.0	0.96711	0.14936	0.10719000000000001	0.0	0.22696999999999998	0.56916	0.0	0.01429	0.49853000000000003	0.0286	0.05972	0.52933	0.0	0.03125	0.2214	0.12772999999999998	0.0	0.02537	0.18266	0.15533
k__Bacteria|p__Firmicutes|c__Clostridia|o__Clostridiales|f__Lachnospiraceae|g__Dorea|s__Dorea_sp_AF24_7LB	0.0	0.0	0.0	0.00037	0.020419999999999997	0.0	0.0	0.0	0.0	0.0	0.01162	0.00506	0.0	0.0	0.0	0.05756	0.0	0.0	0.05016	0.0	0.00425	0.00281	0.0	0.0	0.0	0.0	0.0	0.0035	0.0	0.00564	0.0	0.0	0.0	0.0	0.0	0.0	0.0	0.0
k__Bacteria|p__Firmicutes|c__Clostridia|o__Clostridiales|f__Lachnospiraceae|g__Dorea|s__Dorea_sp_AF36_15AT	0.02266	0.0	0.0	0.0	0.0	0.00805	0.0124	0.0	0.0	0.00845	0.050730000000000004	0.00867	0.0	0.0	0.0	0.19771	0.02334	0.0	0.14665999999999998	0.0	0.0	0.0	0.0	0.00869	0.0	0.0	0.0	0.0	0.02165	0.0192	0.0	0.0	0.00229	0.01404	0.0	0.0	0.0	0.0
k__Bacteria|p__Firmicutes|c__Clostridia|o__Clostridiales|f__Lachnospiraceae|g__Enterocloster|s__Enterocloster_aldensis	0.0	0.0	0.03007	0.0	0.0	0.0	0.0	0.6488	0.02156	0.0	0.0	0.0	0.00673	0.0	0.0	0.01461	0.0	0.0	0.0	0.0	0.0	0.0	0.0	0.0	0.0	0.0	0.0	0.0	0.0	0.0	0.0	0.0	0.0	0.0	0.0	0.0	0.0	0.0
k__Bacteria|p__Firmicutes|c__Clostridia|o__Clostridiales|f__Lachnospiraceae|g__Enterocloster|s__Enterocloster_bolteae	0.0	0.08048999999999999	0.04832	0.0	0.0	0.0	0.0	0.03754	0.41085	0.0	0.0	0.01681	0.33799999999999997	0.0	0.0	0.00206	0.0	0.015619999999999998	0.0	0.0	0.0	0.04503	0.0	0.0	0.0	0.0	0.0	0.0	0.06742999999999999	0.0	0.0	0.03127	0.0	0.0	0.03327	0.0	0.0	0.0
k__Bacteria|p__Firmicutes|c__Clostridia|o__Clostridiales|f__Lachnospiraceae|g__Faecalicatena|s__Faecalicatena_fissicatena	0.5733199999999999	0.0	0.0	0.0	0.0	0.0	0.13768	0.0	0.0	0.07436	0.05753	0.0	0.0	0.0	0.0	0.0	0.05221	0.0	0.23228000000000001	0.0	0.09572	0.0	0.0	0.00476	0.0	0.44523999999999997	0.24385	0.0	0.03363	0.28656	0.26797	0.0	0.0	0.33568000000000003	0.0	0.012620000000000001	0.01245	0.01146
k__Bacteria|p__Firmicutes|c__Clostridia|o__Clostridiales|f__Lachnospiraceae|g__Faecalimonas|s__Faecalimonas_umbilicata	0.0	0.047369999999999995	0.14426	0.0	0.0	0.0	0.0	1.2752700000000001	0.17564000000000002	0.0	0.0	0.0	0.02607	0.0	0.0	0.0	0.0	0.0	0.0	0.0	0.0	0.0	0.0	0.0	0.0	0.0	0.0	0.0	0.0	0.0	0.0	0.0	0.0	0.0	0.27035	0.0	0.0	0.0
k__Bacteria|p__Firmicutes|c__Clostridia|o__Clostridiales|f__Lachnospiraceae|g__Fusicatenibacter|s__Fusicatenibacter_saccharivorans	0.1173	0.0	0.0	0.0195	0.018680000000000002	2.00367	1.0180799999999999	0.0	0.23374	0.79645	0.8077	0.13579000000000002	0.10146000000000001	0.38858000000000004	0.0	0.39668000000000003	0.13444	1.48699	0.9518	0.72053	0.5809300000000001	0.0	0.6751	0.00828	0.0	0.08559	0.6140899999999999	0.020130000000000002	0.0265	0.68618	0.0	0.56119	0.17182	0.16	0.0	0.02567	0.059000000000000004	0.06458
k__Bacteria|p__Firmicutes|c__Clostridia|o__Clostridiales|f__Lachnospiraceae|g__GGB3746|s__GGB3746_SGB5089	0.0	0.0	0.054529999999999995	0.0	0.03007	0.0	0.0	0.0	0.07831	0.34102	0.41271	0.0	0.0	0.0	1.18919	0.00757	0.00579	0.0	0.0	0.41555	0.07789	0.0	0.0	0.0	0.0	0.0	0.0	0.0	0.0	0.0	0.12905	0.11268	0.0	0.81985	0.0	0.04513	0.0	0.00047999999999999996
k__Bacteria|p__Firmicutes|c__Clostridia|o__Clostridiales|f__Lachnospiraceae|g__Lachnoclostridium|s__Clostridium_symbiosum	0.0	0.14651	0.38905	0.0	0.0	0.0	0.0	0.0	0.3065	0.0	0.0	0.0	0.0	0.29869	0.0	0.0	0.0	0.04481	0.0	0.0	0.0	0.0777	0.048760000000000005	0.0	0.0	0.0	0.0	0.0	0.0	0.0	0.0	0.0	0.0	0.0	0.0	0.0	0.0	0.0
k__Bacteria|p__Firmicutes|c__Clostridia|o__Clostridiales|f__Lachnospiraceae|g__Lachnospiraceae_unclassified|s__Eubacterium_rectale	4.41544	0.02204	0.51255	0.41292	0.34188	0.0	0.62161	0.0	0.0	0.00565	2.60909	0.0	0.42822	2.28822	0.0	1.02326	0.58199	5.8071	2.48983	1.14252	3.39026	0.0	1.30999	0.13205	0.0	1.52084	5.19344	0.0036899999999999997	0.0	7.64887	0.0	4.39124	0.44241	1.24775	0.0	0.39778	0.64946	0.8088
k__Bacteria|p__Firmicutes|c__Clostridia|o__Clostridiales|f__Lachnospiraceae|g__Lachnospiraceae_unclassified|s__Lachnospiraceae_bacterium	0.21384	0.1011	0.0	0.14309000000000002	0.12211	0.25018	0.1995	0.01487	0.0131	0.35563	0.63669	0.34381	0.0	0.39348	0.0	1.8002099999999999	0.08087000000000001	1.28541	0.9134399999999999	1.14235	0.54348	1.03955	0.13041	0.30914	0.25558000000000003	0.16707	0.18275999999999998	0.10392	1.5334	0.34102	0.38742	0.06408	0.25459	0.22336999999999999	0.04774	0.3972	0.06516	0.24398000000000003
k__Bacteria|p__Firmicutes|c__Clostridia|o__Clostridiales|f__Lachnospiraceae|g__Lachnospiraceae_unclassified|s__Lachnospiraceae_bacterium_OM04_12BH	0.0	0.0	0.01439	0.0	0.0	0.0	0.0	0.0	0.0	0.0	0.013380000000000001	0.0	0.0	0.0	0.0	0.0	0.0	0.0	0.0	0.0	0.0	0.0	0.0	0.0	0.0	0.0	0.0	0.0	0.0	0.0	0.0	0.0	0.0	0.0	0.0	0.01787	0.0	0.01231
k__Bacteria|p__Firmicutes|c__Clostridia|o__Clostridiales|f__Lachnospiraceae|g__Lachnospiraceae_unclassified|s__Lachnospiraceae_bacterium_WCA3_601_WT_6H	2.20503	0.0	0.0	0.0	0.6187699999999999	0.0	0.0	0.00447	0.0	0.0	0.01591	0.0	0.0	0.0	0.0	0.0	0.0	0.052520000000000004	0.12925	0.0	0.82852	0.0	0.01037	0.0	0.0	0.57293	0.40355	0.06324	0.016909999999999998	0.038169999999999996	0.0	0.0	0.025889999999999996	0.0	0.0	0.0	0.07622999999999999	0.034089999999999995
k__Bacteria|p__Firmicutes|c__Clostridia|o__Clostridiales|f__Lachnospiraceae|g__Lachnospiraceae_unclassified|s__Lachnospiraceae_unclassified_SGB4882	0.0	0.0	0.0	0.021269999999999997	0.0	0.0	0.0	0.0	0.0	0.0	0.26256999999999997	0.0	0.0	1.5288899999999999	0.0	0.0	0.0	0.0	0.0	0.11519000000000001	0.0	0.0	0.0	0.0	0.0	0.0	0.0	0.0	0.0	0.0	0.0	0.0	0.0	0.0	0.0	0.03522	0.20626999999999998	0.0
k__Bacteria|p__Firmicutes|c__Clostridia|o__Clostridiales|f__Lachnospiraceae|g__Lachnospira|s__Lachnospira_SGB5076	0.0	0.0	0.0	0.0	0.0	0.0	0.0	0.0	0.0	0.0	0.0	0.0	0.0	0.0	0.0	0.0	0.0	0.46478	0.0	0.02816	0.0	0.0	2.2156599999999997	0.0	0.0	0.0	0.0	0.0	0.0	0.0	0.0	0.0	0.0	0.25934	0.0	0.0	0.0	0.0
k__Bacteria|p__Firmicutes|c__Clostridia|o__Clostridiales|f__Lachnospiraceae|g__Lachnospira|s__Lachnospira_SGB5077	0.0	0.0	0.0	0.0	0.0	0.0	0.0	0.0	0.0	0.0	0.8331200000000001	0.0	0.0	0.0062	0.0	0.0	0.0	0.0	0.06397	0.0	0.0	0.0	0.0	0.0	0.0	0.0	0.0039299999999999995	0.0	0.0	0.7902899999999999	0.0	0.1811	0.06364	0.0	0.0	0.2831	0.04402	0.05201
k__Bacteria|p__Firmicutes|c__Clostridia|o__Clostridiales|f__Lachnospiraceae|g__Lachnospira|s__Lachnospira_eligens	0.8718100000000001	0.0	0.0	0.13276	0.013330000000000002	0.0	0.0	0.0	0.0	0.08473	1.8949	0.0	0.0	1.06865	0.0	0.07544	1.91462	0.8240799999999999	0.63861	2.09098	0.56167	0.0	0.77503	0.0	0.0	0.27355	1.5692	0.0	0.0	0.13726	1.1021100000000001	2.07979	0.0	0.54106	0.0	0.29363	0.43588999999999994	0.0
k__Bacteria|p__Firmicutes|c__Clostridia|o__Clostridiales|f__Lachnospiraceae|g__Lachnospira|s__Lachnospira_pectinoschiza	1.26547	0.0	0.0	0.0	0.12905	0.0	0.0	0.0	0.0	0.9863700000000001	0.0	0.0	0.10640999999999999	5.13698	0.0	0.0	5.23016	0.9676	0.80285	0.0	1.01009	0.0	0.0	0.0	0.0	0.07676000000000001	0.84205	0.00536	0.22624	1.02823	0.0	0.0	0.0	0.0	0.00103	0.0	0.39103000000000004	1.07764
k__Bacteria|p__Firmicutes|c__Clostridia|o__Clostridiales|f__Lachnospiraceae|g__Lachnospira|s__Lachnospira_sp_NSJ_43	0.0	0.0	0.0	0.01969	0.0	0.0	0.0	0.0	0.0	0.0	0.0	0.0	0.0	6.841589999999999	0.0	0.0	0.0	9.13006	0.20779	0.36684	1.31396	0.0	0.0	0.0	0.0	0.0	0.57755	0.022969999999999997	0.0	0.13752	0.0	0.0	0.0	0.06677999999999999	0.0	1.21062	0.09252	0.49993999999999994
k__Bacteria|p__Firmicutes|c__Clostridia|o__Clostridiales|f__Lachnospiraceae|g__Lacrimispora|s__Lacrimispora_amygdalina	0.0	2.8051	0.0	0.05101	0.01839	0.73168	0.19647	0.0	0.0	0.54498	0.42173999999999995	0.0	0.0	1.69573	0.0	0.00202	0.62005	0.0	0.0	0.38929	0.23684000000000002	0.28107	0.44796	0.08761000000000001	0.0	0.10953	0.015619999999999998	0.0	0.0	0.1252	0.57987	0.72783	0.16812	0.37601	0.0	0.11835999999999999	0.45121999999999995	0.12669
k__Bacteria|p__Firmicutes|c__Clostridia|o__Clostridiales|f__Lachnospiraceae|g__Lacrimispora|s__Lacrimispora_celerecrescens	0.0	0.0	0.0	0.0211	0.0131	0.0	0.07089	0.0	0.0	0.09605	0.24011	0.0	0.0	0.0	0.0	0.6843100000000001	0.03934	0.0	0.48698	0.01941	0.0	0.0	0.06022	0.03414	0.0	0.0	0.0	0.0	0.0	0.13164	0.0	0.0	0.0	0.0	0.0	0.00325	0.0	0.0051600000000000005
k__Bacteria|p__Firmicutes|c__Clostridia|o__Clostridiales|f__Lachnospiraceae|g__Mediterraneibacter|s__Ruminococcus_gnavus	0.0	2.2253700000000003	0.044410000000000005	0.0	0.0	0.0	0.0	3.24503	1.13438	0.0	0.0	0.26637	0.1327	0.0038799999999999998	2.4994099999999997	0.016640000000000002	0.0	0.08374	0.0	0.0	0.0	0.1317	0.0	0.008190000000000001	0.63856	0.0	0.0	0.0	0.0	0.0	0.01757	0.0	0.0	0.0	1.15454	0.0	0.0	0.0
k__Bacteria|p__Firmicutes|c__Clostridia|o__Clostridiales|f__Lachnospiraceae|g__Mediterraneibacter|s__Ruminococcus_lactaris	0.0	0.0	0.0	0.0	0.0	0.0	0.00359	0.0	0.0	0.17346	0.0	0.0	0.0	0.52733	0.0	0.01144	0.0	0.0553	0.46576999999999996	0.10485	0.0	0.86416	0.38287	0.0	0.0	0.0	0.0	0.0	0.0	0.0	0.0	0.45192	0.0	0.025580000000000002	0.0	0.0785	0.03988	0.0
k__Bacteria|p__Firmicutes|c__Clostridia|o__Clostridiales|f__Lachnospiraceae|g__Mediterraneibacter|s__Ruminococcus_torques	0.17970999999999998	0.45298999999999995	0.0	0.04573	0.69091	0.25016	0.45163000000000003	0.0	1.11178	0.12484	0.79645	0.33426	0.04887	0.63171	0.0	1.09808	0.11045	0.9727399999999999	0.68645	0.06647	0.24716	0.6832199999999999	0.14063	2.02624	0.0	0.0	0.38223	0.13104000000000002	0.07715	0.46653	0.0	0.02363	0.31361	0.4553	0.0	0.0	0.0067599999999999995	0.0
k__Bacteria|p__Firmicutes|c__Clostridia|o__Clostridiales|f__Lachnospiraceae|g__Roseburia|s__Roseburia_faecis	0.0	0.7447699999999999	2.57559	0.0	0.4489	0.0	0.14824	0.0	0.44161000000000006	2.59342	5.0163	0.0	0.1543	0.46513999999999994	0.0	0.0	0.59178	2.56825	0.93015	1.55566	4.81825	0.0	1.10489	0.0	0.0	0.0	0.0	0.10467	0.0	1.74338	0.78265	0.0	1.16303	1.43006	0.0	0.33407	0.28358	1.14244
k__Bacteria|p__Firmicutes|c__Clostridia|o__Clostridiales|f__Lachnospiraceae|g__Roseburia|s__Roseburia_hominis	0.42558	0.0	0.0	0.04005	0.04342	0.0	0.0	0.0	0.0	0.01335	0.01695	0.05683	0.0	0.19602999999999998	0.0	0.006940000000000001	0.04562	0.0	0.025	0.06435	0.10811	0.0	1.6062100000000001	0.0	0.0	0.06095	0.04303	0.03793	0.07318999999999999	0.01235	0.64469	4.110609999999999	0.0	0.02657	0.0	0.050210000000000005	0.01838	0.00224
k__Bacteria|p__Firmicutes|c__Clostridia|o__Clostridiales|f__Lachnospiraceae|g__Roseburia|s__Roseburia_intestinalis	0.0	0.0	2.7511200000000002	0.0	0.00996	0.02181	0.08263	11.497910000000001	0.02327	0.37138000000000004	0.0	0.0	0.48716000000000004	0.0	0.0	0.12028	0.22684	0.9787600000000001	0.08108	0.26728	0.0	0.0	0.45361	0.0	0.0	0.07543	0.025830000000000002	0.0	0.045689999999999995	0.0	0.8647	0.0431	0.0	1.11341	0.0	0.04	0.09333	0.08445
k__Bacteria|p__Firmicutes|c__Clostridia|o__Clostridiales|f__Lachnospiraceae|g__Roseburia|s__Roseburia_inulinivorans	0.0	0.0	0.0	0.0	0.05867000000000001	0.0	0.31374	0.0	0.32604	0.27116999999999997	0.31285	0.0	0.0	0.0	0.0	0.049710000000000004	0.04597	0.11335999999999999	0.060110000000000004	0.07812999999999999	1.19123	0.0	0.33159	0.3336	0.0	0.92494	0.29173000000000004	0.0	0.015130000000000001	0.17669	0.06842000000000001	0.81319	0.03375	1.1159700000000001	0.0	0.03832	0.07031	0.15803
k__Bacteria|p__Firmicutes|c__Clostridia|o__Clostridiales|f__Lachnospiraceae|g__Roseburia|s__Roseburia_sp_AF02_12	0.64068	0.0	0.0	0.0	0.37154	0.0	0.0	0.0	0.0	0.0	0.08879	0.0	0.0	0.0	0.0	0.0	0.0	0.0	0.0	0.029439999999999997	0.97034	0.0	0.0	0.0	0.0	0.0	0.0263	0.0	0.00412	0.0	0.0	0.0	0.0159	0.00379	0.0	0.0	0.0	0.0
k__Bacteria|p__Firmicutes|c__Clostridia|o__Clostridiales|f__Oscillospiraceae|g__Dysosmobacter|s__Dysosmobacter_sp_NSJ_60	0.01144	0.0	0.0	0.0	0.0	0.0	0.0	0.0	0.0	0.0	0.0	0.0	0.0	0.0	0.0	0.0	0.0	0.0	0.0	0.00809	0.010620000000000001	0.05487	0.04387	0.0	0.0	0.0	0.0307	0.0	0.02623	0.0	0.02221	0.02986	0.0	0.007940000000000001	0.0	0.0	0.0	0.00596
k__Bacteria|p__Firmicutes|c__Clostridia|o__Clostridiales|f__Oscillospiraceae|g__Dysosmobacter|s__Dysosmobacter_welbionis	0.43423	0.10559	0.0	0.0045899999999999995	0.03676	0.0	0.0	0.0	0.46188999999999997	0.0	0.0	0.17812999999999998	0.0	0.0	0.0	0.02015	0.11404	0.03714	0.01193	0.10545999999999998	0.02817	0.04589	0.26383	0.0	0.0030399999999999997	0.04795	0.06948	0.41035	0.21448000000000003	0.1856	0.0	0.25151	0.0	0.03555	0.0	0.0	0.0	0.00759
k__Bacteria|p__Firmicutes|c__Clostridia|o__Clostridiales|f__Oscillospiraceae|g__Oscillibacter|s__Oscillibacter_sp_ER4	0.36346999999999996	0.0	0.0	0.0	0.04473	0.015590000000000001	0.08657000000000001	0.0	0.0	0.0	0.4059	0.0	0.0	0.0	0.0	0.1851	0.0	0.0	0.16253	0.0	0.44427	0.0	0.0	0.0	0.0	0.29591999999999996	1.48176	0.22575	0.0	0.29563	0.61346	0.0	0.062279999999999995	0.0	0.0	0.03569	0.02795	0.48573999999999995
k__Bacteria|p__Firmicutes|c__Clostridia|o__Clostridiales|f__Peptococcaceae|g__Peptococcaceae_unclassified|s__Peptococcaceae_bacterium	0.0	0.0	0.0	0.0	0.0	0.0	0.00755	0.0	0.0	0.0	0.0	0.0	0.0	0.0	0.0	0.0	0.0	0.0	0.28726	0.07356	0.02593	0.0	0.0	0.0	0.0	0.0	0.0	0.0	0.0	0.0	0.37899	0.0	0.0	0.0	0.0	0.0018800000000000002	0.0	0.0
k__Bacteria|p__Firmicutes|c__Clostridia|o__Clostridiales|f__Peptostreptococcaceae|g__Intestinibacter|s__Intestinibacter_bartlettii	0.0	0.0	0.11105	0.0	0.0	0.0	0.00556	0.06813	0.027410000000000004	0.0	0.0	0.0	0.0	0.01635	0.0	0.23606999999999997	0.0	0.13499	0.24329	0.0	0.0	0.0	0.0	0.0	0.0	0.0	0.0	0.0	0.0	0.0	0.0	0.0	0.00062	0.0	0.0	0.0	0.0	0.0
k__Bacteria|p__Firmicutes|c__Clostridia|o__Clostridiales|f__Peptostreptococcaceae|g__Romboutsia|s__Romboutsia_timonensis	0.0	0.0	0.0	0.0	0.0	0.0	0.02001	0.0	0.0	0.06692000000000001	0.15759	0.0	0.0	0.0	0.0033200000000000005	0.82968	0.0	0.11467000000000001	0.22391999999999998	0.0	0.006	0.0	0.0	0.75975	0.0	0.0	0.0	0.0	0.0	0.05799	0.0	0.0	0.05289	0.01084	0.02918	0.02441	0.05527000000000001	0.0026
k__Bacteria|p__Firmicutes|c__Clostridia|o__Clostridiales|f__Ruminococcaceae|g__Agathobaculum|s__Agathobaculum_butyriciproducens	0.27689	0.08027999999999999	0.0	0.0	0.009890000000000001	0.03442	0.20511999999999997	0.0	0.0	0.0	0.07206	0.0	0.0	0.07774	0.0	0.054889999999999994	0.05237000000000001	0.37874	0.07879	0.08136	0.02769	0.03791	0.0447	0.01102	0.0	0.0	0.05487	0.0	0.018090000000000002	0.05486	0.07597999999999999	0.09377	0.007909999999999999	0.12972999999999998	0.31568	0.0	0.01849	0.015030000000000002
k__Bacteria|p__Firmicutes|c__Clostridia|o__Clostridiales|f__Ruminococcaceae|g__Candidatus_Cibiobacter|s__Candidatus_Cibiobacter_qucibialis	0.18048	0.0	0.0	0.0	0.07468	0.01176	0.06212	0.0	0.52373	0.27355999999999997	1.4115	0.0	0.0	0.85262	0.0	0.2935	0.0010199999999999999	0.0	2.10678	2.08058	0.046810000000000004	0.0	0.0	0.0	0.0	0.015719999999999998	0.19819	0.20016	0.0	2.05234	0.04142	0.006379999999999999	0.0	0.0369	0.0	0.08081	0.0148	0.09622
k__Bacteria|p__Firmicutes|c__Clostridia|o__Clostridiales|f__Ruminococcaceae|g__Faecalibacterium|s__Faecalibacterium_SGB15346	0.26657	0.15632000000000001	0.0	0.03713	0.0	0.00419	0.07028	0.0	0.0	0.0	0.43168	0.0	0.0	0.6430899999999999	0.0	0.04668	0.0	0.0	0.26888	0.22258000000000003	0.84451	0.0	0.0	0.09137999999999999	0.0	0.10375	0.6255	0.062270000000000006	0.0	0.31040999999999996	0.66451	0.0	0.09323	0.31276	0.0	0.03542	0.031030000000000002	0.07276
k__Bacteria|p__Firmicutes|c__Clostridia|o__Clostridiales|f__Ruminococcaceae|g__Faecalibacterium|s__Faecalibacterium_prausnitzii	0.92995	0.50746	0.0	0.54422	0.22743000000000002	5.02573	2.0195	0.0	0.06811	2.15481	6.2106900000000005	0.0	0.08906	2.68647	0.32064000000000004	2.39627	0.8821700000000001	2.9289	0.9117799999999999	1.47971	2.12507	0.13502999999999998	0.0	0.57945	0.0	0.50468	3.29765	0.73843	0.07034	1.0017	0.59844	1.47187	1.37452	2.1480200000000003	1.06535	0.33631	0.41635	1.20233
k__Bacteria|p__Firmicutes|c__Clostridia|o__Clostridiales|f__Ruminococcaceae|g__Flavonifractor|s__Flavonifractor_plautii	0.05567999999999999	0.4183	1.6693099999999998	0.00122	0.00775	0.14737	0.0	3.373	0.05596	0.038939999999999995	0.00468	0.05036	0.06929	0.31027	0.0	0.01795	0.01739	0.0	0.0	0.0	0.0	0.04857	0.00866	0.0	0.0	0.0	0.01409	0.66581	0.11425	0.024030000000000003	0.17073	0.09017	0.0	0.042210000000000004	0.09751	0.0	0.0	0.0
k__Bacteria|p__Firmicutes|c__Clostridia|o__Clostridiales|f__Ruminococcaceae|g__GGB9602|s__GGB9602_SGB15031	0.0	0.0	0.0	0.0	0.0	0.0	0.0	0.0	0.0	0.0	0.0	0.0	0.0	0.0	0.0	0.11845	0.0	0.0	0.030330000000000003	0.0	0.02962	0.0	0.0	0.0	0.0	0.0	0.0	0.59032	0.0	0.0	0.0	0.0	0.0	0.0	0.0	0.0102	0.0	0.0
k__Bacteria|p__Firmicutes|c__Clostridia|o__Clostridiales|f__Ruminococcaceae|g__GGB9614|s__GGB9614_SGB15049	0.21766	0.0	0.0	0.0	0.0	0.0022600000000000003	0.00325	0.0	0.0	0.0	0.05212000000000001	0.0	0.0	0.0	0.0	0.0	0.49815	0.0	0.0	0.25766	0.057679999999999995	0.0	0.0	0.0	0.0	0.05997	0.03013	0.0	0.0	0.1778	0.19917	0.0	0.0	0.0	0.0	0.0	0.0	0.025810000000000003
k__Bacteria|p__Firmicutes|c__Clostridia|o__Clostridiales|f__Ruminococcaceae|g__GGB9615|s__GGB9615_SGB15053	0.0	0.0	0.0	0.15581	0.14420999999999998	0.25831	0.039169999999999996	0.0	0.0	0.71382	0.19549	0.0	0.0	0.0	0.0	0.07397999999999999	0.0	0.0	0.1587	0.0	0.66228	0.20326	0.0	0.0	0.0	0.052829999999999995	0.5260199999999999	0.3553	0.02143	0.03023	0.0	0.0	0.021580000000000002	0.68712	0.0	0.07456	0.06604	0.25303000000000003
k__Bacteria|p__Firmicutes|c__Clostridia|o__Clostridiales|f__Ruminococcaceae|g__GGB9619|s__GGB9619_SGB15067	0.08584	0.0	0.0	0.00912	0.0	0.0	0.0	0.0	0.0	0.0035299999999999997	0.00367	0.0	0.0	0.0	0.0	0.0	0.0	0.3955	0.0	0.0	0.00074	0.00772	0.0791	0.0	0.00161	0.0	0.03456	0.0	0.00386	0.02065	0.07497999999999999	0.00644	0.0	0.0	0.0	0.0033799999999999998	0.0	0.0
k__Bacteria|p__Firmicutes|c__Clostridia|o__Clostridiales|f__Ruminococcaceae|g__GGB9632|s__GGB9632_SGB15089	0.18929	0.0	0.0	0.0	0.02437	0.0	0.0	0.0	0.0	0.0	0.0	0.0	0.0	0.0	0.0	0.2089	0.0	0.0	0.04255	0.0	0.0	0.0	0.0	0.0	0.0	0.0	0.21528000000000003	0.47339	0.0	0.025240000000000002	0.02501	0.0	0.0	0.0303	0.0	0.0	0.0	0.0
k__Bacteria|p__Firmicutes|c__Clostridia|o__Clostridiales|f__Ruminococcaceae|g__GGB9633|s__GGB9633_SGB15090	0.0	0.0	0.0	0.0	0.0	0.0	0.0023899999999999998	0.0	0.0	0.0	0.0	0.0	0.0	0.0	0.0	0.0	0.0	0.0	1.12116	0.52647	0.03297	0.0	0.11367000000000001	0.0	0.0	0.0	0.0	0.0	0.0	0.0	0.0	0.0	0.0	0.0	0.0	0.0	0.01875	0.39966
k__Bacteria|p__Firmicutes|c__Clostridia|o__Clostridiales|f__Ruminococcaceae|g__GGB9633|s__GGB9633_SGB15091	0.0	0.0	0.0	0.0	0.22084	0.0	0.0	0.0	0.0	0.0	0.0	0.0	0.0	0.0	0.0	0.27202	0.0	0.0	0.0	0.0	0.0	0.32813000000000003	0.0	0.0	0.0	0.0	0.0	0.0	0.0	0.0	0.0	0.18739	0.0	0.0	0.0	0.0	0.0	0.0
k__Bacteria|p__Firmicutes|c__Clostridia|o__Clostridiales|f__Ruminococcaceae|g__GGB9635|s__GGB9635_SGB15106	0.0	0.0	0.0	0.0	0.0	0.0	0.0	0.0	0.0	0.0	0.0	0.0	0.0	0.0	0.0	0.0	0.0	0.0	0.0	0.0	0.2396	0.0	0.0	0.0	0.0	0.51489	3.48291	0.0	0.0	0.0	0.0	0.0	0.03609	0.0	0.0	0.7663800000000001	0.0	0.23864000000000002
k__Bacteria|p__Firmicutes|c__Clostridia|o__Clostridiales|f__Ruminococcaceae|g__GGB9642|s__GGB9642_SGB15119	0.0	0.0	0.0	0.0	0.0	0.02136	0.14188	0.0	0.0	0.0	0.0	0.0	0.0	0.0	0.0	0.0	0.0	0.22654000000000002	0.24983000000000002	0.0	0.050910000000000004	0.0	0.0	0.0	0.0	0.0	0.0	0.0	0.0	0.01243	0.0	0.0	0.0005099999999999999	0.0	0.0	0.0	0.0	0.0
k__Bacteria|p__Firmicutes|c__Clostridia|o__Clostridiales|f__Ruminococcaceae|g__GGB9699|s__GGB9699_SGB15216	0.25182	0.0	0.0	0.0	0.01622	0.0	0.0	0.0	0.0	0.02924	0.0	0.0	0.0	0.0	0.0	0.51554	0.0	0.0	0.15332	0.28628000000000003	0.0	0.0	0.023280000000000002	0.0	0.0	0.0	0.16327	0.03428	0.0	0.053770000000000005	0.0	0.0	0.0	0.0	0.0	0.0	0.0	0.02995
k__Bacteria|p__Firmicutes|c__Clostridia|o__Clostridiales|f__Ruminococcaceae|g__GGB9705|s__GGB9705_SGB15225	0.0	0.0	0.0	0.0	0.0	0.0	0.0	0.0	0.0	0.0	0.0	0.0	0.0	0.0	0.0	0.05139	0.0	0.0	0.048960000000000004	0.047939999999999997	0.06262000000000001	0.0	0.0	0.0	0.0	0.0	0.0	0.0	0.0	0.0	0.0	0.0	0.0	0.0	0.0	0.0	0.0	0.0
k__Bacteria|p__Firmicutes|c__Clostridia|o__Clostridiales|f__Ruminococcaceae|g__GGB9707|s__GGB9707_SGB15229	0.0	0.0	0.0	0.0	0.0022199999999999998	0.0	0.0	0.0	0.0	0.0	0.01581	0.0	0.0	0.0	0.0	0.011309999999999999	0.0	0.0	0.11215	0.0817	0.11928	0.0	0.0	0.0	0.0	0.00445	0.0	0.0	0.0	0.04252	0.0	0.0	0.02965	0.0	0.0	0.02547	0.0	0.00685
k__Bacteria|p__Firmicutes|c__Clostridia|o__Clostridiales|f__Ruminococcaceae|g__GGB9712|s__GGB9712_SGB15244	0.0	0.0	0.0	0.0	0.0	0.0	0.0	0.0	0.0	0.0	0.00387	0.0	0.0	0.0	0.0	0.0	0.0	0.0	0.5846399999999999	0.0	0.0	0.0	0.0	0.0	0.0	0.0	0.0	0.48916000000000004	0.0	0.07445	0.0	0.0	0.0	0.0	0.0	0.06154	0.0	0.02559
k__Bacteria|p__Firmicutes|c__Clostridia|o__Clostridiales|f__Ruminococcaceae|g__GGB9730|s__GGB9730_SGB15291	0.0	0.0	0.0	0.0	0.0	0.0	0.07454	0.0	0.0	0.01441	0.01223	0.0	0.0	0.0	0.0	0.04361	0.0	0.15438	0.12689	0.0	0.23876999999999998	0.0	0.0	0.0	0.0	0.0	0.037880000000000004	0.0	0.0	0.00133	0.0	0.0	0.020819999999999998	0.04771	0.0	0.0	0.01652	0.0
k__Bacteria|p__Firmicutes|c__Clostridia|o__Clostridiales|f__Ruminococcaceae|g__Gemmiger|s__Gemmiger_formicilis	0.24394000000000002	0.13034	0.0	0.04412	0.10462	0.28345	0.84196	0.0	0.0	0.07832	0.35391	0.0	0.0	0.0	0.0	0.23598000000000002	0.13527	0.0	0.84751	0.8698299999999999	0.33158000000000004	0.0	0.0	0.01296	0.0	0.08756	0.09373	0.12704000000000001	0.061320000000000006	0.29625999999999997	0.29895	0.0	0.15562	0.0	0.0	0.02263	0.10378	0.6611100000000001
k__Bacteria|p__Firmicutes|c__Clostridia|o__Clostridiales|f__Ruminococcaceae|g__Negativibacillus|s__Negativibacillus_massiliensis	0.0	0.0	0.0	0.0	0.0	0.0	0.0	0.0	0.17609	0.04467	0.0	0.0	0.0	0.0	0.0	0.0	0.0	0.0179	0.0	0.0	0.0	0.0	0.0	0.0	0.042069999999999996	0.0	0.0	0.0	0.0	0.0	0.0	0.0	0.0	0.0	0.0	0.0	0.0	0.0
k__Bacteria|p__Firmicutes|c__Clostridia|o__Clostridiales|f__Ruminococcaceae|g__Ruminococcaceae_unclassified|s__Eubacterium_siraeum	0.11507	0.0	0.0	0.07296	0.0	0.0	0.0	0.0	0.0	0.0	0.0	0.0	0.0	0.0	0.0	0.06832	0.0	0.0	0.0	0.0	0.76142	0.03692	0.0	0.0	0.0	0.0	0.07112	0.01615	0.0	0.0	0.0	0.0	0.0	0.0	0.0	0.35678000000000004	0.054920000000000004	0.0
k__Bacteria|p__Firmicutes|c__Clostridia|o__Clostridiales|f__Ruminococcaceae|g__Ruminococcaceae_unclassified|s__Ruminococcaceae_bacterium	0.6389100000000001	0.0	0.0	0.0	0.02298	0.0	0.0	0.0	0.07317	0.0	0.03872	0.0	0.0	0.0	0.0	0.35864	0.0	0.01015	1.31131	2.41494	0.57986	0.99064	0.68604	0.0	0.0	0.00232	0.11391	0.18794	0.0	0.28905	0.03744	0.0	0.04145	0.09895	0.06334	0.7028399999999999	0.06772	0.037880000000000004
k__Bacteria|p__Firmicutes|c__Clostridia|o__Clostridiales|f__Ruminococcaceae|g__Ruminococcaceae_unclassified|s__Ruminococcaceae_unclassified_SGB15233	0.0	0.0	0.0	0.0	0.0	0.0	0.0	0.0	0.0	0.0	0.06435	0.0	0.0	0.0	0.0	0.026139999999999997	0.0	0.0	0.04634	0.0	0.0455	0.0	0.0	0.0	0.0	0.0	0.0	0.0	0.0	0.0	0.0	0.0	0.0069900000000000006	0.0	0.0	0.10417	0.0	0.0
k__Bacteria|p__Firmicutes|c__Clostridia|o__Clostridiales|f__Ruminococcaceae|g__Ruminococcaceae_unclassified|s__Ruminococcaceae_unclassified_SGB15234	0.0	0.0	0.0	0.00072	0.23534000000000002	0.0	0.0	0.0	0.0	0.0	0.0	0.0	0.0	0.0	0.0	0.64498	0.0	0.0	0.18127000000000001	0.0	0.0	0.0	0.0	0.0	0.0	0.0	0.09761	0.08348	0.0	0.0	0.0	0.04236	0.01994	0.0	0.0	0.02537	0.0	0.0
k__Bacteria|p__Firmicutes|c__Clostridia|o__Clostridiales|f__Ruminococcaceae|g__Ruminococcaceae_unclassified|s__Ruminococcaceae_unclassified_SGB15236	0.0	0.0	0.0	0.0	0.0	0.0	0.0	0.0	0.0	0.0	0.0	0.0	0.0	0.0	0.0	0.00301	0.0	0.0	0.18581	0.7542	0.04318	0.0	0.0	0.0	0.0	0.0	0.0	0.17862999999999998	0.0	0.09522	0.0	0.0	0.0	0.0	0.0	0.10345	0.0	0.0
k__Bacteria|p__Firmicutes|c__Clostridia|o__Clostridiales|f__Ruminococcaceae|g__Ruminococcaceae_unclassified|s__Ruminococcaceae_unclassified_SGB15260	0.0	0.0	0.0	0.0	0.0	0.0	0.0	0.0	0.0	0.0	0.0	0.0	0.0	0.0	0.0	0.06297	0.0	0.0	0.0	0.0	4.6117300000000006	0.0	0.0	0.0	0.0	0.01295	0.0	0.0	0.0	0.0	0.0	0.0	0.0	0.0	0.0	0.0	0.0	0.23206999999999997
k__Bacteria|p__Firmicutes|c__Clostridia|o__Clostridiales|f__Ruminococcaceae|g__Ruminococcaceae_unclassified|s__Ruminococcaceae_unclassified_SGB15265	0.0	0.0	0.0	0.0	0.60536	0.0	0.0	0.0	0.1003	0.0	0.0	0.0	0.0	0.0	0.0	0.0297	0.0	0.0	0.5180100000000001	0.37354	0.030139999999999997	0.0	0.0	0.0	0.0	0.0	0.0	0.12349	0.0	0.00672	0.9905200000000001	0.0	0.0	0.0	0.0	0.039	0.00633	0.02429
k__Bacteria|p__Firmicutes|c__Clostridia|o__Clostridiales|f__Ruminococcaceae|g__Ruminococcaceae_unclassified|s__Ruminococcaceae_unclassified_SGB4191	0.0	0.0	0.0	0.0948	0.0	0.0	0.0	0.0	0.0	0.0	1.2000600000000001	0.0	0.0	0.0	0.0	0.0	0.0	0.0	0.0	0.30254000000000003	0.16802	0.0	0.0	0.0	0.0	0.0	0.07527	0.0	0.0	0.0	0.0	0.56565	0.0	0.0	0.0	0.20469	0.0	0.0
k__Bacteria|p__Firmicutes|c__Clostridia|o__Clostridiales|f__Ruminococcaceae|g__Ruminococcaceae_unclassified|s__Ruminococcaceae_unclassified_SGB4425	0.0	0.0	0.0	0.0	0.0046	0.0	0.0	0.0	0.0	0.15682000000000001	0.32061	0.0	0.0	0.0	0.0	0.018940000000000002	0.0	0.0	0.8375100000000001	0.3252	0.0	0.0	0.0	0.0	0.0	0.0	0.0	0.0	0.0	0.0	0.0	0.0	0.0	0.0	0.0	0.030019999999999998	0.0	0.10937000000000001
k__Bacteria|p__Firmicutes|c__Clostridia|o__Clostridiales|f__Ruminococcaceae|g__Ruminococcus|s__Ruminococcus_SGB4421	0.0	0.0	0.0	0.0162	0.0	0.0	0.0	0.0	0.0	0.0	0.0	0.0	0.0	0.0	0.0	0.0	0.0	0.0	0.0	0.0	0.1165	0.0	0.0	0.0	0.0	0.09378	0.0	0.0	0.0	0.0	0.0	0.23776999999999998	0.0	0.0	0.0	0.0	0.04431	0.0
k__Bacteria|p__Firmicutes|c__Clostridia|o__Clostridiales|f__Ruminococcaceae|g__Ruminococcus|s__Ruminococcus_bicirculans	0.0	0.0	0.57192	0.15959	0.0	0.0	0.0	0.0	0.26514	0.43387	0.9872200000000001	0.0	0.0	0.0	0.0	0.05113	0.0	1.03874	4.62828	0.054029999999999995	0.36835	0.0	0.0	0.0	0.0	0.8978700000000001	0.43737	0.09178	0.0	0.33039	6.87973	3.20313	0.0	0.09195	0.0	0.0	1.48725	0.19759000000000002
k__Bacteria|p__Firmicutes|c__Clostridia|o__Clostridiales|f__Ruminococcaceae|g__Ruminococcus|s__Ruminococcus_bromii	1.32092	0.0	0.0	0.24435	0.0	0.0	0.19664	0.0	0.0	0.0	1.72147	0.16708	0.0	0.0	0.0	6.01398	0.0	2.7873099999999997	12.55739	0.9352299999999999	0.7795	0.14803	0.0	0.0	0.0	0.0	2.31282	0.32328	0.0	3.7211	0.0	0.5355800000000001	0.27416999999999997	1.9458	0.0	0.41003	0.01924	0.08861000000000001
k__Bacteria|p__Firmicutes|c__Clostridia|o__Clostridiales|f__Ruminococcaceae|g__Ruminococcus|s__Ruminococcus_callidus	0.0	0.0	0.06781000000000001	0.0	0.07072	0.0	0.0	0.0	0.0	0.0	0.0	0.0	0.0	0.0	0.0	0.029110000000000004	0.0	0.0	0.0	0.0	0.0	0.0	0.0	0.0	0.0	0.0	0.0	0.0	0.0	0.0	0.1226	0.0	0.028630000000000003	0.0	0.0	0.0	0.0	0.0
k__Bacteria|p__Firmicutes|c__Clostridia|o__Clostridiales|f__Ruminococcaceae|g__Ruminococcus|s__Ruminococcus_sp_NSJ_71	0.0	0.0	1.22571	0.0	0.0	0.02675	0.0	0.0	10.189630000000001	0.0	0.0	0.0	0.0	0.0	0.0	0.0	0.0	0.0	0.0	0.0	0.0	0.0	0.0	0.0	0.0	0.0	0.0	0.0	0.0	0.0	0.23051	0.0	0.0	0.0	0.0	0.09543	0.0	0.0
k__Bacteria|p__Firmicutes|c__Clostridia|o__Clostridiales|f__Ruminococcaceae|g__Ruthenibacterium|s__Ruthenibacterium_lactatiformans	0.01139	0.0	0.0	0.0	0.0	0.0	0.0	0.67604	0.43698000000000004	0.0	0.0	0.01222	0.0	0.0	0.0	0.18379	0.0	0.0	0.07521	0.0	0.0	0.58326	0.1193	0.0	0.0	0.0	0.0	0.8856799999999999	0.0	0.0	0.0	0.0	0.0	0.0	0.0	0.0	0.0	0.0
k__Bacteria|p__Firmicutes|c__Erysipelotrichia|o__Erysipelotrichales|f__Erysipelotrichaceae|g__Coprobacillus|s__Coprobacillus_cateniformis	0.0	0.0	0.0	0.0	0.0	0.0	0.0	0.0	0.009170000000000001	0.0	0.0	0.0	0.0	0.0	0.0	0.050230000000000004	0.0	0.0	0.07528	0.0	0.0	0.0	0.0	0.0	0.0	0.0	0.08302999999999999	0.0338	0.0	0.0	0.0	0.0	0.0	0.0	0.0	0.0	0.0	0.0
k__Bacteria|p__Firmicutes|c__Erysipelotrichia|o__Erysipelotrichales|f__Erysipelotrichaceae|g__Erysipelatoclostridium|s__Clostridium_innocuum	0.0	0.0	0.1074	0.0	0.0	0.0	0.0	0.19729000000000002	0.02222	0.0	0.0	0.020569999999999998	0.0	0.0	0.0	0.24953000000000003	0.0	0.0	0.0	0.0	0.0	0.0047	0.0	0.0	0.0	0.0	0.0	0.18763	0.0	0.0	0.0	0.0	0.0	0.0	0.00116	0.0	0.0	0.0
k__Bacteria|p__Firmicutes|c__Erysipelotrichia|o__Erysipelotrichales|f__Erysipelotrichaceae|g__Erysipelatoclostridium|s__Erysipelatoclostridium_ramosum	0.0	0.0	0.34357	0.0	0.0	0.0	0.0	1.6257700000000002	0.57909	0.0	0.0	0.08367999999999999	0.00502	0.0	0.19721	0.0	0.0	0.0	0.0	0.0	0.0	0.00141	0.0	0.0	0.01004	0.0	0.0	0.0	0.0	0.0	0.024730000000000002	0.0	0.0	0.0	0.020909999999999998	0.0	0.0	0.0
k__Bacteria|p__Firmicutes|c__Erysipelotrichia|o__Erysipelotrichales|f__Erysipelotrichaceae|g__Faecalibacillus|s__Faecalibacillus_faecis	0.0	0.0	0.0	0.0	0.0	0.0	0.0	0.0	0.0	0.08129	0.0	0.0	0.0	0.2254	0.0	0.0	0.1045	0.0	0.04697	0.0	0.0	0.0	0.0	0.0	0.0	0.0	0.0951	0.0	0.0	0.0	0.0	0.23496999999999998	0.0	0.0	0.0	0.0	0.0	0.0
k__Bacteria|p__Firmicutes|c__Erysipelotrichia|o__Erysipelotrichales|f__Erysipelotrichaceae|g__Faecalibacillus|s__Faecalibacillus_intestinalis	0.10438	0.14569000000000001	0.0	0.058679999999999996	0.0	0.01009	0.0	0.0	0.0	0.01764	0.4817	0.0	0.0	0.0	0.0	0.14857	0.0	0.0	0.0	0.16044	0.15282	0.42746000000000006	0.0	0.0654	0.0	0.00965	0.0628	0.0	0.19985	0.2046	0.0	0.0	0.0	0.48656000000000005	0.0	0.00663	0.07069	0.0
k__Bacteria|p__Firmicutes|c__Erysipelotrichia|o__Erysipelotrichales|f__Erysipelotrichaceae|g__Holdemania|s__Holdemania_sp_Marseille_P2844	0.0	0.0	0.0	0.0	0.0	0.0	0.0	3.4964699999999995	0.0	0.0	0.0	0.0	0.0	0.0	0.0	0.00461	0.0	0.0	0.0	0.0	0.0	0.15679	0.0	0.0	0.0	0.0	0.00389	0.02661	0.0	0.0	0.0795	0.0	0.0	0.0	0.0	0.0	0.0	0.0
k__Bacteria|p__Firmicutes|c__Erysipelotrichia|o__Erysipelotrichales|f__Erysipelotrichaceae|g__Turicibacter|s__Turicibacter_sanguinis	0.0	0.0	0.0	0.01064	0.0	0.0	0.0	0.0	0.0	0.0	0.5725899999999999	0.0	0.0	0.08101	0.0	0.05657	0.0	0.0	0.06001	0.0	0.0	0.00822	0.00792	0.0	0.0	0.0	0.0	0.0	0.0	0.01564	0.0	0.02762	0.0581	0.0	0.0	0.0	0.0	0.0
k__Bacteria|p__Firmicutes|c__Firmicutes_unclassified|o__Firmicutes_unclassified|f__Firmicutes_unclassified|g__Firmicutes_unclassified|s__Firmicutes_bacterium_AF16_15	0.06163	0.0	0.0	0.0	0.0	0.06888	0.02501	0.0	3.25656	0.02586	0.01789	0.0	0.0	0.05006	0.0	0.09135	0.0	0.07723	0.024	0.1362	0.00296	0.0	0.0	0.0	0.0	0.016659999999999998	0.029210000000000003	0.0	0.0	0.00265	0.0	0.0	0.0	0.17964000000000002	0.0	0.0	0.01008	0.0
k__Bacteria|p__Firmicutes|c__Negativicutes|o__Acidaminococcales|f__Acidaminococcaceae|g__Acidaminococcaceae_unclassified|s__Acidaminococcaceae_unclassified_SGB5785	0.0	0.0	0.0	0.0	0.0	0.0	0.0	0.0	0.0	0.28526999999999997	0.052129999999999996	0.0	0.0	0.0	0.0	0.0	0.0	0.0	0.0	0.0	0.0	0.0	0.0	0.0	0.0	0.0	0.0	0.0	0.0	0.17402	0.0	0.0	0.0	0.0	0.0	0.0588	0.0	0.0
k__Bacteria|p__Firmicutes|c__Negativicutes|o__Acidaminococcales|f__Acidaminococcaceae|g__Acidaminococcus|s__Acidaminococcus_intestini	0.63568	0.0	0.0	0.0	1.3356299999999999	0.0	0.16041	0.0	0.0	1.07512	0.16708	0.0	1.82382	0.0	0.0	0.0	0.18830999999999998	0.0	0.28772	0.0	0.0	0.0	0.0	0.0	0.0	0.0	0.0	0.0	0.0	0.8618600000000001	0.0	0.0	0.0	0.47381	0.0	0.005679999999999999	0.0	0.0
k__Bacteria|p__Firmicutes|c__Negativicutes|o__Acidaminococcales|f__Acidaminococcaceae|g__Phascolarctobacterium|s__Phascolarctobacterium_faecium	0.59701	1.58103	0.0	0.0	0.0	0.0	0.0	0.0	0.0	0.0	0.0	1.70039	0.0	0.0	0.0	0.79243	0.73853	0.0	0.0	0.0	0.0	2.83482	0.0	1.5285600000000001	0.0	0.0	0.23426999999999998	0.0	1.36715	0.0	0.0	0.0	0.0	0.0	0.0	0.0	0.0	0.0
k__Bacteria|p__Firmicutes|c__Negativicutes|o__Selenomonadales|f__Selenomonadaceae|g__Megamonas|s__Megamonas_funiformis	0.0	0.0	0.0	0.0	0.13222	0.0	0.0	0.0	0.0	0.0	0.0	0.0	0.0	0.0	0.0	0.0	0.75921	0.0	0.0	0.0	0.0	0.0	0.0	0.0	0.0	0.0215	0.039580000000000004	0.0	0.0	1.24686	0.0	0.0	0.0	0.0	0.0	0.0	0.00577	0.02311
k__Bacteria|p__Firmicutes|c__Negativicutes|o__Veillonellales|f__Veillonellaceae|g__Allisonella|s__Allisonella_histaminiformans	0.0	0.0	0.0	0.0	0.02311	0.0	0.55712	0.0	0.07629	0.09626	0.09197000000000001	0.0	0.0	0.0	0.0	0.01366	0.0	0.0	0.014459999999999999	0.0	0.03046	0.0	0.0	0.0	0.0	0.0	0.0	0.0	0.0	0.0	0.0	0.0	0.04627	0.0	0.0	0.00957	0.0	0.0
k__Bacteria|p__Firmicutes|c__Negativicutes|o__Veillonellales|f__Veillonellaceae|g__Dialister|s__Dialister_hominis	0.0	0.0	0.0	0.0	0.0	0.0	0.0	0.0	0.0	0.12340999999999999	1.9227	0.0	0.0	1.23456	0.0	0.0	0.0	0.0	0.0	1.10131	0.0	0.0	0.0	0.10792	0.0	0.63988	0.4336	0.39941	0.0	0.9108200000000001	0.0	1.33955	0.0	0.58013	0.59227	0.96385	0.0	0.0
k__Bacteria|p__Firmicutes|c__Negativicutes|o__Veillonellales|f__Veillonellaceae|g__Dialister|s__Dialister_invisus	0.0	0.0	2.9457299999999997	0.0	0.0	0.0	0.0	0.0	2.7496400000000003	0.0	0.0	0.0	0.0	0.09333	0.0	2.29337	0.0	0.5965	0.0	0.0	0.0	0.0	0.0	0.0	0.69414	0.0	0.0	0.35306	0.0	0.0	0.0	0.0	2.1493	0.0	0.0	0.0	0.0	0.0
k__Bacteria|p__Firmicutes|c__Negativicutes|o__Veillonellales|f__Veillonellaceae|g__GGB4266|s__GGB4266_SGB5809	0.0	0.0	0.0	0.40922	0.0	0.0	0.29485	0.0	0.0	0.0	0.0	0.0	0.0	0.0	0.0	0.0	0.0	0.0	0.69109	0.0	0.0	0.0	0.14856	0.0	0.0	0.0	0.0	0.0	0.0	0.0	0.0	0.0	0.0	0.0	0.0	0.0	0.0	0.5538
k__Bacteria|p__Firmicutes|c__Negativicutes|o__Veillonellales|f__Veillonellaceae|g__Veillonella|s__Veillonella_atypica	0.0	0.01489	0.0	0.0	0.0	0.0	0.27751	0.0	0.0	0.0	0.0	0.0	0.0	0.0131	0.00335	0.0	0.03584	0.0	0.0	0.0	0.0	0.0	0.0	0.0	0.0	0.0	0.0	0.0	0.0	0.0	0.0	0.00561	0.00958	0.0	0.00109	0.00707	0.00935	0.0
k__Bacteria|p__Firmicutes|c__Negativicutes|o__Veillonellales|f__Veillonellaceae|g__Veillonella|s__Veillonella_dispar	0.0	0.022609999999999998	0.0	0.0	0.0	0.0	0.13022	0.00462	0.0	0.0	0.0	0.0	0.05097	0.0	0.00659	0.0	0.0	0.0	0.0	0.0	0.0	0.0	0.0	0.00882	0.43115	0.0	0.0	0.0	0.0	0.0	0.0	0.0	0.0	0.0	0.0	0.0	0.0	0.0
k__Bacteria|p__Firmicutes|c__Negativicutes|o__Veillonellales|f__Veillonellaceae|g__Veillonella|s__Veillonella_parvula	0.0	0.0	0.06913	0.0	0.01771	0.0	0.4995	7.8738	0.0	0.0	0.0	0.0	2.35377	0.0	0.09381	0.0	0.07812000000000001	0.0	0.0	0.0	0.0	0.0	0.03573	0.53466	0.023469999999999998	0.0	0.0	0.0	0.0	0.0	0.0	0.0	0.00639	0.02248	0.03227	0.01565	0.013969999999999998	0.0
k__Bacteria|p__Firmicutes|c__Negativicutes|o__Veillonellales|f__Veillonellaceae|g__Veillonella|s__Veillonella_rogosae	0.0	0.0	0.0	0.0	0.0	0.0	0.0	0.06026	0.0	0.0	0.0	0.0	0.0	0.0	0.0	0.0	0.0	0.0	0.0	0.0	0.0	0.0	0.01209	0.0	0.0	0.0	0.0	0.0	0.0	0.0	0.0	0.0	0.0	0.00435	0.0	0.03735	0.047810000000000005	0.0
k__Bacteria|p__Lentisphaerae|c__Lentisphaeria|o__Lentisphaeria_unclassified|f__Lentisphaeria_unclassified|g__Lentisphaeria_unclassified|s__Lentisphaeria_bacterium	0.12608	0.0	0.0	0.0	0.01636	0.0	0.0	0.0	0.0	0.0	0.0	0.0	0.0	0.0	0.0	0.0	0.0	0.0	0.02675	0.0	0.08407	0.21286	0.0	0.0	0.0	0.0	0.021240000000000002	0.89254	0.0	0.0	0.0	0.0	0.0	0.0	0.0	0.04917	0.005370000000000001	0.0
k__Bacteria|p__Planctomycetes|c__Planctomycetia|o__Pirellulales|f__Pirellulaceae|g__GGB6601|s__GGB6601_SGB9333	0.0	0.0	0.0	1.9904400000000002	0.0	0.0	0.0	0.0	0.0	0.0	0.2542	0.0	0.0	0.0	0.0	0.0	0.0	0.0	0.0	3.7905	0.9010799999999999	0.0	0.0	0.0	0.0	0.0	0.0	4.0442800000000005	1.60001	0.39735	0.0	0.0	0.0	0.0	0.0	0.01969	0.0	0.00503
k__Bacteria|p__Proteobacteria|c__Alphaproteobacteria|o__Alphaproteobacteria_unclassified|f__Alphaproteobacteria_unclassified|g__Alphaproteobacteria_unclassified|s__Alphaproteobacteria_bacterium	0.0	0.0	0.0	0.0	0.0	0.0	0.0	0.0	0.0	0.0	0.0	0.0	0.0	0.0	0.0	0.0	0.0	0.0	0.0	0.0	0.0	0.33034	0.0	0.0	0.0	0.0	0.0	0.17207999999999998	0.65396	0.0	0.0	0.0	0.0	0.0	0.0	0.27065	0.0	0.0
k__Bacteria|p__Proteobacteria|c__Alphaproteobacteria|o__Alphaproteobacteria_unclassified|f__Alphaproteobacteria_unclassified|g__GGB6606|s__GGB6606_SGB9340	0.0	0.0	0.0	0.0	0.0	0.0	0.0	0.0	0.77822	0.0	0.03951	0.0	0.0	0.0	0.0	0.0	0.0	0.0	0.0	0.0	0.19998	0.0	0.0	0.0	0.0	0.0	0.6038399999999999	0.0	0.31598000000000004	2.66456	0.0	0.0	0.0	0.0	0.0	0.0	0.0	0.0
k__Bacteria|p__Proteobacteria|c__Alphaproteobacteria|o__Alphaproteobacteria_unclassified|f__Alphaproteobacteria_unclassified|g__GGB6613|s__GGB6613_SGB9347	0.0	0.0	0.0	0.0	0.0	0.0	0.0	0.0	0.17612	0.0	0.0	0.0	0.0	0.0	0.0	0.0	0.0	0.0	0.0	0.52372	0.34226999999999996	0.0	0.0	0.0	0.0	0.14217	0.0	0.0	0.0	0.0	0.0	0.0	0.0	0.0	0.0	0.0	0.0	0.0
k__Bacteria|p__Proteobacteria|c__Betaproteobacteria|o__Burkholderiales|f__Oxalobacteraceae|g__GGB6649|s__GGB6649_SGB9391	0.024030000000000003	0.0	0.0	0.0	0.0	0.0	0.0	0.0	0.0	0.0	0.0	0.0	0.0	0.0	0.0	0.04131	0.0	0.0	0.0	0.0	0.03517	0.0	0.0	0.0	0.0	0.0	0.04922	0.0	0.01854	0.00586	0.15915	0.0	0.0	0.0	0.0	0.0	0.0	0.01277
k__Bacteria|p__Proteobacteria|c__Betaproteobacteria|o__Burkholderiales|f__Sutterellaceae|g__Duodenibacillus|s__Duodenibacillus_massiliensis	0.0	0.0	0.0	0.0	0.0	0.0	0.0	0.0	0.0	0.0	0.0	0.0	0.0	0.0	0.0	0.0	0.0	0.0	0.15762	0.0	0.18739	0.0	0.0	0.0	0.0	0.0	0.0	0.0	0.0	0.0	0.0	0.0	0.0	1.21038	0.0	0.0	0.11665999999999999	0.0
k__Bacteria|p__Proteobacteria|c__Betaproteobacteria|o__Burkholderiales|f__Sutterellaceae|g__Mesosutterella|s__Mesosutterella_multiformis	0.0	0.0	0.0	0.0	0.0	0.0	0.0	0.0	0.0	0.0	0.0	0.014159999999999999	0.0	0.0	0.0	0.0	0.0	0.0	0.0	0.0	0.0	0.0	0.0	0.0	0.0	0.0	0.0	0.0	0.0	0.13978	0.0	0.0	0.0	0.01872	0.11051	0.0	0.0	0.0
k__Bacteria|p__Proteobacteria|c__Betaproteobacteria|o__Burkholderiales|f__Sutterellaceae|g__Parasutterella|s__Parasutterella_excrementihominis	0.03658	0.0	0.0	0.0	0.0	0.07765	0.0	0.0	0.30951999999999996	0.0	0.01882	0.8674200000000001	2.4579	0.0	0.0	0.0	0.0112	0.0	0.0	0.07412	0.0	2.81725	0.0	0.0	0.92051	0.0202	0.0	0.0	0.0	0.09557	1.02895	1.9979200000000001	0.0	0.0	0.0	0.00547	0.0	0.0
k__Bacteria|p__Proteobacteria|c__Betaproteobacteria|o__Burkholderiales|f__Sutterellaceae|g__Sutterella|s__Sutterella_seckii	0.0	0.0	0.0	0.30117	0.0	0.07447000000000001	0.01292	0.0	0.0	0.0	2.96348	0.0	0.0	0.0	0.0	0.0031899999999999997	0.30655	0.0	0.0	0.0	0.0	0.0	0.0	0.0	0.0	0.0	0.0	0.1297	0.0	0.0	0.0	0.0	0.0	0.0	0.0	0.45403999999999994	0.0	0.42603
k__Bacteria|p__Proteobacteria|c__Betaproteobacteria|o__Burkholderiales|f__Sutterellaceae|g__Sutterella|s__Sutterella_wadsworthensis	0.55023	0.9071600000000001	0.0	1.58305	0.79487	0.41453	0.72106	0.0	0.58194	0.0	0.0	0.0	0.0	0.0	0.0	0.00445	1.27257	0.0	0.0	0.0	0.5907899999999999	0.0	0.0	0.25286	0.0	0.68225	0.4674	0.0	0.9143399999999999	1.4331	0.0	0.0	0.0	0.9974700000000001	0.0	0.0	0.5152	0.09153
k__Bacteria|p__Proteobacteria|c__Deltaproteobacteria|o__Desulfovibrionales|f__Desulfovibrionaceae|g__Bilophila|s__Bilophila_wadsworthia	0.17683	0.13259	0.47202	0.04247	0.19318	0.07495	0.0	0.0	1.4204700000000001	0.10803	0.08957999999999999	0.29674	0.2362	0.0	0.0	0.10292000000000001	0.31411999999999995	0.28559	0.0	0.13652	0.0	0.0	0.0	0.013590000000000001	0.0	0.00183	0.12707000000000002	0.16442	0.08192	0.29985	0.11007	0.40618000000000004	0.10113	0.18266	0.0	0.0010400000000000001	0.0	0.0
k__Bacteria|p__Proteobacteria|c__Deltaproteobacteria|o__Desulfovibrionales|f__Desulfovibrionaceae|g__Desulfovibrionaceae_unclassified|s__Desulfovibrionaceae_bacterium	0.25551999999999997	0.0	0.0	0.0	0.09821	0.0	0.00314	0.0	0.0	0.0	0.0	0.0	0.0	0.0	0.0	0.45605	0.0	0.0	0.0	0.0	0.04956	0.0	0.0	0.0	0.0	0.00173	0.0	0.0	0.11825	0.00854	0.0	0.0	0.0	0.0	0.0	0.0	0.00951	0.0
k__Bacteria|p__Proteobacteria|c__Deltaproteobacteria|o__Desulfovibrionales|f__Desulfovibrionaceae|g__Desulfovibrio|s__Desulfovibrio_piger	0.0	0.0	0.0	0.054110000000000005	0.0	0.0	0.0	0.0	0.0	0.0	0.0	0.0	0.0	0.0	0.0	0.0	0.0	0.0	0.0	0.0	0.12616	0.0	0.0	0.0	0.0	0.0	0.0	0.22629000000000002	0.0	0.13228	0.0	0.0	0.0	0.0	0.0	0.053529999999999994	0.0	0.0
k__Bacteria|p__Proteobacteria|c__Deltaproteobacteria|o__Desulfovibrionales|f__Desulfovibrionaceae|g__GGB9818|s__GGB9818_SGB15459	0.0	0.0	0.0	0.0	0.0	0.0	0.0	0.0	0.0	0.0	0.0	0.0	0.0	0.0	0.0	0.0	0.0	0.0	0.0	0.02316	0.0	0.03424	0.06282	0.0	0.0	0.0	0.0	0.0	0.0	0.0	0.0	0.0	0.01277	0.00335	0.0	0.0	0.0	0.0
k__Bacteria|p__Proteobacteria|c__Gammaproteobacteria|o__Enterobacterales|f__Enterobacteriaceae|g__Escherichia|s__Escherichia_coli	0.0	2.6550700000000003	2.18343	0.0	0.3619	0.0	14.689329999999998	1.3437700000000001	0.0	0.052129999999999996	0.39404	0.06094	6.282719999999999	0.31399	5.90561	1.17086	5.00689	0.01285	9.67118	0.055020000000000006	0.07327	0.00198	0.010329999999999999	2.01267	0.01103	0.0	0.26144	3.5729800000000003	0.0	0.7732100000000001	0.05612999999999999	0.0	0.02011	0.0	0.04091	0.0	0.0	0.0
k__Bacteria|p__Proteobacteria|c__Gammaproteobacteria|o__Enterobacterales|f__Enterobacteriaceae|g__Klebsiella|s__Klebsiella_pneumoniae	0.0	0.0	0.0	0.017230000000000002	0.23918000000000003	0.0	0.0	2.74859	0.0	0.0	0.0	0.0	0.65632	0.47686000000000006	0.0	0.0	0.22608000000000003	0.0	0.0	0.0	0.0	0.0	0.11517999999999999	0.06364	0.0	0.0	0.0	0.0	0.0	0.0	0.0	0.0	0.0	0.0	0.0	0.0	0.0	0.0
k__Bacteria|p__Proteobacteria|c__Gammaproteobacteria|o__Pasteurellales|f__Pasteurellaceae|g__Haemophilus|s__Haemophilus_parainfluenzae	0.0	0.02605	0.0	0.030260000000000002	0.0	0.0	1.95787	0.09887	0.0	0.0	0.05065	0.0	0.09302	0.22124000000000002	0.34826999999999997	0.0	0.0	0.0	0.0	0.0	0.0	0.01069	0.27364	0.08586	0.00128	0.0	0.0	0.0	0.0	0.049319999999999996	0.0	0.24806	0.07628	0.30668	0.07476000000000001	0.79609	1.95505	0.01205
k__Bacteria|p__Verrucomicrobia|c__Verrucomicrobiae|o__Verrucomicrobiales|f__Akkermansiaceae|g__Akkermansia|s__Akkermansia_muciniphila	0.0	0.012440000000000001	0.18414	0.0	0.1306	0.0	0.0	0.0	6.73822	0.27458	0.0	0.0	0.0	0.0	0.0	16.60081	0.0	0.0	3.13762	0.0	0.0	0.0271	0.51457	0.0	0.0	0.0	0.0	10.73799	0.0	0.5394899999999999	0.73639	1.5423	0.0	0.0	0.0	0.0	0.0	0.0
